category,product,price,ratings,review_responders,reviews
Accessories,"Myra Bag Women Leather Star Shoulder Bag,adjustable leather handle, leather trim and star accent",39.99,4.5,,Price
Accessories,"Myra Bag Women Leather Star Shoulder Bag,adjustable leather handle, leather trim and star accent",39.99,4.5,,4.5
Accessories,"Yiwafu Spa Headband for Women, Sponge Headband for Washing Face, Makeup Headband, Skincare Headbands for Makeup Removal, Shower, Hair Accessories, Terry Cloth Headbands for Women(White,Pink,Black)",12.99,4.4,,1
Accessories,Grunge Gloves Fairy Grunge Accessories Ripped Glove Crochet Glove Grunge Clothes Fairy Grunge Aesthetic,9.99,4.7,,4.7
Accessories,SweatyRocks Women's Casual High Waist Pleated A-Line Midi Skirt with Pocket,36.89,3.9,,3.9
Accessories,Fashion 10 Sets 18 inch Doll Clothes and Accessories Play Set inlcude Mermaid Shinning Dress Outfits Bikini Hat Handbag (No Doll),27.99,5.0,,5.0
Accessories,OQQ Women's 2 Piece Crop Top Ribbed Seamless Workout Exercise Long Sleeve Crop Tops,28.98,4.5,,4.5
Accessories,The Peanutshell Newborn Clothes & Accessories Set | 30 Piece Layette Gift Set | Fits Newborn to 3 Months | Pink Elephant & Floral,74.99,4.8,,4.8
Accessories,GRACE KARIN Lace-up Cinch Belt Tied Corset Elastic Waist Belt,17.99,4.4,,4.4
Accessories,Geyoga Studded Belt Metal Punk Rock Rivet Belt Punk Leather Belt Threads Studded Goth Belt with Pyramid Studs for Women Men,12.99,4.2,,4.2
Accessories,"5-Pack Organic Burp Cloths for Baby Boys and Girls - Ultra Absorbent Burping Cloth, Burp Clothes, Newborn Towel - Milk Spit Up Rags - Burpy Cloth Bib for Unisex, Boy, Girl - Burp Cloths (Grayscape)",21.96,4.8,,5
Accessories,Looxii Muslin Burp Cloths 100% Cotton Muslin Cloths 12 Pack Large 20''x10'' Extra Soft and Absorbent Baby Burping Cloth for Boys and Girls (Dark Green),21.99,4.8,,4.8
Accessories,"Fistihon RV Clothes Drying Rack, Camper Drying Rack Aluminum, Versatile No Drilling or Nailing Anti-Rust Tower Hanger Rack for Ladder, RV, Camper, Trailer, Travel, Hotel, Home",48.98,4.6,,4.6
Accessories,"AstroAI Balaclava Ski Mask 2 Pack Winter Fleece Thermal Face Mask Cover for Men Women Warmer Windproof Breathable, Cold Weather Gear for Skiing, Outdoor Work, Riding Motorcycle & Snowboarding, Gray",19.99,4.3,,4.3
Accessories,ZITA ELEMENT 11 Pcs 18 Inch Girl Doll Clothes and Accessories - 5 Sets Doll Outfits + 2 Pairs Random Style Shoes for 18 in My Our Life Generation Life Doll Clothes Clothing Dress with Shoes,21.98,4.1,,4.1
Accessories,"CINPIUK Garment Steamer Ironing Gloves Anti Steam Glove Heat Resistant Garment Steamer Mitt, Garment Steamer Accessories for Clothes",9.59,4.4,,4.4
Accessories,OQQ Women's 2 Piece Dresses Ribbed Sleeveless Adjustable Spaghetti Strips Tops Mini Dress,23.99,4.4,,4.4
Accessories,"Headbands for Women 16 Pack Elastic Hair Bands for Women' Hair Non Slip Soft Cloth Fabric Sweat Headbands Yoga Running Sport Hair Accessories, Black White Gray Women Headbands",12.99,5.0,,1
Accessories,OQQ Women's 2 Piece Yoga Leggings Ribbed Seamless Workout High Waist Athletic Pants,25.00,4.3,,4.3
Accessories,Crochet Hats for Women Vintage Beanies Women Fox Hat Grunge Goth Beanies Hat Y2K Accessories Slouchy Beanies for Women,14.99,4.5,,4.5
Accessories,Balaclava Windproof Winter Face Mask Warm Fleece Ski Mask for Men and Women Cold Weather Motorcycle Bike Cycling Neck Warmer,12.99,4.6,,4.6
Accessories,"BABESIDE 8 Pcs Reborn Baby Doll Clothes with Bassinet for 17-22 Inch Baby Doll,Baby Doll Clothes Outfit Accessories fit Newborn Baby Doll Girl",39.99,4.6,,4.6
Accessories,"50 Pcs Doll Clothes and Accessories, 5 Wedding Gowns 5 Fashion Dresses 4 Slip Dresses 3 Tops 3 Pants 3 Bikini Swimsuits 20 Shoes for 11.5 inch Doll Christmas Stocking Stuffers Girls Gift Age 5-7 8-10",20.90,4.5,,4.5
Accessories,"12 Pieces Dog Shirts Pet Printed Clothes with Funny Letters Summer Pet T Shirts Cool Puppy Shirts Breathable Dog Outfit Soft Dog Sweatshirt for Pet Dogs Cats Accessories, 12 Styles (X-Large)",22.99,4.1,,4.1
Accessories,Dokotoo Womens 2023 Fall Corduroy Shacket Jacket Long Sleeve Button Down Color Block Hooded Coat with Pockets,45.89,4.4,,4.4
Accessories,AUTOMET Womens 2 Piece Outfits Long Sleeve Sweatsuits Sets Half Zip Sweatshirts with Joggers Sweatpants,52.99,4.6,,4.6
Accessories,G.C Girls Rapunzel Dress Princess Dress Up Costume Toddler Puff Sleeve Dresses Wig Crown Wand Jewelry Cosplay Clothes,29.88,4.8,,4.8
Accessories,Vintage Beanies Women Fox Hat Grunge Accessories Slouchy Beanies for Women Crochet Hats for Women,9.99,4.5,,4.5
Accessories,SOLY HUX Women's Y2k Gothic Lace Trim Cami Crop Top Sleeveless Sexy Tank Tops Camisole Clubwear Outfit,20.99,4.5,,4.5
Accessories,"TIDEWE Hunting Clothes for Men with Fleece Lining, Safety Strap Compatible Water Resistant Silent Hunting Jacket and Pants",99.99,4.5,,4.5
Accessories,ODODOS Women's Crop 3-Pack Washed Seamless Rib-Knit Camisole Crop Tank Tops,28.98,4.4,,4.4
Accessories,NOKUTIP 161 PCS 11.5 Inch Girl Doll Closet Wardrobe with Clothes and Accessories Including Wardrobe Shoes Rack Clothes Dress Swimsuits Shoes Hangers Crown Necklace and Other Accessories,27.99,4.5,,4.5
Accessories,"Sweet Dolly Doll Clothes 5 Set New Born Baby Doll Clothes, Jumpsuits and Bows Headbands for 14 Inches to 18 Inches Dolls, 15 Inch New Born Baby Dolls, 10 PCs in Total Doll Clothes and Accessories",19.99,4.6,,4.6
Accessories,Dokotoo Women's Oversized Denim Jacket Casual Long Boyfriend Distresse Jean Jacket Autumn Spring,46.95,4.2,,4.2
Accessories,85PCS Doll Clothes and Accessories with Doll Closet for 11.5 Inch Doll - Fashion Design Doll Set Including Wedding Dress Fashion Dresses Outfits Tops and Pants Shoes Hangers Bags for Girls,24.99,4.7,,4.7
Accessories,ANRABESS Women 2023 Fall Crewneck Long Sleeve Oversized Cable Knit Chunky Pullover Short Sweater Dresses,43.99,4.2,,4.2
Accessories,"TERSE Headbands for Women Short Hair Non Slip Elastic Sweat Hairbands Soft Fabric Cloth Hair Bands for Women's Hair, Workout Yoga Running Sport Thin Hair Wrap for Girls",15.99,4.3,,1
Accessories,Disney Mickey Mouse Newborn Baby Zip Up Coverall Bodysuits T-Shirts Pants Bibs Hats Mitts and Blanket 15 Piece Layette Set,41.99,4.5,,4.5
Accessories,"ebuddy Doll Clothes and Accessories 18 Inch Doll Travel Set with Unicorn Printed Luggage Suitcase Fit for 18 inch Girl Doll,Most 18 Inch Dolls(No Doll)",25.99,4.2,,4.2
Accessories,SweatyRocks Women's Color Block Butterfly Print Striped Long Sleeve Crop Top T Shirt,25.99,4.5,,4.5
Accessories,ebuddy 10 Sets 18 Inch Doll Clothes 18 Inch Doll Clothes and Accessories Fit for 18 inch Dolls 18 Inch Girl Doll,27.99,4.5,,4.5
Accessories,AUTOMET Womens Casual Plaid Shacket Button Down Long Sleeve Shirt,32.99,4.4,,4.4
Accessories,Gelante Canvas Double Grommet Hole Belt 12 Colors,8.79,4.3,,4.3
Accessories,"84 Pcs Doll Clothes and Accessories with Doll, Princess Gowns, Fashion Dresses, Top & Pant/Jumpsuit, Sunhat, Swimsuits, Shoes, Hangers, Doll Dress up Toys for Girls Kids Toddlers Toy Gifts",17.99,4.0,,4.0
Accessories,Carhartt Women's Crawford Bomber Jacket,69.99,4.7,,4.7
Accessories,"65 Pcs Doll Clothes and Accessories Set 5 Fashion Dresses, 3 Wedding Party Gowns, 5 Slip Skirts, 4 Tops Pants Outfits, 3 Bikini Swimsuits, 20 Shoes, 20 Hangers, 5 Crowns for 11.5 Inch Girl Dolls Stuff",19.99,4.7,,Price
Accessories,ZITA ELEMENT 24 Pcs 18 Inch Girl Doll Clothes and Accessories - Doll Clothing Outfits Dress Swimsuits Tights for 18 Inch Dolls Christmas Birthday Gift,27.96,4.7,,4.7
Accessories,Columbia PHG Logo Mesh Snap Back,30.00,4.5,,4.5
Accessories,JIZHI 8 Pcs Reborn Baby Doll Clothes for 17-22 Inch Baby Doll with Bassinet Baby Doll Clothes Outfit Accessories fit Newborn Baby Doll Girl,39.99,5.0,,5.0
Accessories,"MELDEVO Wooden Tree Coat Rack Stand, 6 Hooks - 3 Adjustable Sizes Free Standing Coat Rack, Hallway/Entryway Coat Hanger Stand for Clothes, Suits, Accessories",16.99,4.7,,4.7
Accessories,OQQ Women's 3 Piece Tank Tops Ribbed Seamless Workout Exercise Shirts Yoga Crop Tops,25.99,4.3,,4.3
Accessories,"Barbie Closet Playset with 3 Outfits, Styling Accessories and Hangers, Mix-And-Match Barbie Clothes for 50+ Looks (Amazon Exclusive)",21.75,4.8,,4.8
Accessories,40 PCS Doll Clothes and Accessories 6 Pants Outfits 10 Shoes 15 Pcs Makeup Accessories and 9 Tableware Accessories for 11.5 inch Doll Girl Dolls,12.99,4.3,,4.3
Accessories,Aelfric Eden Oversized Knit Sweater Solid Vintage Pullover Sweater Unisex Woven Crewneck Knitted Tops,48.95,4.4,,4.4
Accessories,"BABESIDE 8 Pcs Reborn Baby Doll Accessories with Bassinet for 17-22 Inch Baby Doll,Baby Doll Clothes Outfit Accessories fit Reborn Doll Newborn Boy",39.99,4.5,,4.5
Accessories,"The Peanutshell Newborn Clothes & Accessories Set | 30 Piece Layette Gift Set | Fits Newborn to 3 Months | Navy, Blue, White | Elephant & Stars",74.99,4.7,,4.7
Accessories,Disney Ladies Lilo and Stitch Sweatshirt - Ladies Classic Lilo and Stitch Ohana - Multi Print Allover Hoodie Sweatshirt,59.99,4.8,,4.8
Accessories,17Pcs 18 Inch Girl Doll Clothes and Accessories Doll Accessories Case Luggage Travel Play Set with Travel Pillow Camera Sunglasses for 18 Inch Dolls Travel Storage Gift for Girls,21.99,4.5,,4.5
Accessories,The Peanutshell Newborn Clothes & Accessories Set for Baby Boys - 23 Piece Layette Gift Set - Fits Newborn to 3 Months - Dinosaur,59.99,4.7,,4.7
Accessories,"LIENAHU Aluminum Clothes Drying Rack,Laundry Drying Rack,Wall Mounted Clothes Hanger,Laundry Rack Folding,Retractable,Collapsible Clothes Hanging Rack(Hooks,Black)",33.95,4.5,,4.5
Accessories,Verdusa Women's 90s Top Bell Long Sleeve Tie Front Textured Sheer T-Shirt Cardigan,25.99,4.2,,4.2
Accessories,ANRABESS Women's Oversized Zip Up Hoodies Sweatshirts Y2K Clothes Teen Girl Fall Casual Drawstring Jackets with Pockets,31.99,4.5,,4.5
Accessories,PRETTYGARDEN Women's Plaid Shacket 2023 Long Sleeve Button Up Flannel Shirt Winter Tartan Jacket Woolen Coats,44.99,4.4,,4.4
Accessories,ZITA ELEMENT 7 Pcs 18 Inch Girl Doll Clothes and Accessories - 18 Inch Doll Clothes with Fanny Pack Toy Tablet Phone Camera and Kids Unicorn Backpack - Best Gift for Girls,23.59,4.4,,4.4
Accessories,ZAFUL Women's Plaid Long Sleeve Shirt Button Down Wool Blend Thin Jacket Casual Blouse Tops with Pocket,33.99,4.1,,4.1
Accessories,Y2k Hat Grunge Accessories Slouchy Beanies for Women Vintage Beanies Winter Warm Hat for Men Women Knitted Beanies,11.99,4.3,,4.3
Accessories,SheIn Women's 6 Pieces Outfits Tank Crop Top and Elastic Waist Shorts Lounge Set,49.99,4.2,,4.2
Accessories,"Barbie Dream Closet Playset, 35+ Clothes & Accessories Including 5 Complete Looks, Pop-Up Second Level, Mirror & Laundry Chute",39.99,4.8,,4.8
Accessories,OQQ Women's 3 Piece High Waist Workout Shorts Butt Lifting Tummy Control Ruched Booty Smile Yoga Short Pants,27.99,4.2,,4.2
Accessories,19 PCS Doll Clothes for Ken Doll Including Handmade 1 Suit 5 Tops 5 Pants Casual Wear 2 Beach Pants 4 Pair of Shoes 1 Glasses 1 Surfboard for 11.5 Inch Boy Doll Outfits for Boyfriend Doll in Random,12.99,4.0,,4.0
Accessories,"Reborn Dolls Baby Clothes Pink Outfits for 20""- 22"" Reborn Doll Girl Baby Clothing Baby Sets",12.99,4.7,,4.7
Accessories,OQQ Women's 2 Piece Yoga Leggings Ribbed Seamless Workout High Waist Cross Over Athletic Exercise Leggings,30.99,4.5,,4.5
Accessories,"150 Pack Doll Closet Wardrobe Set Contain 19 Pack Complete Clothes and 131 Pieces Doll Accessories - Wardrobe, Shoes, Necklace, Bags and More for 11.5 Inch Doll",19.90,4.5,,4.5
Accessories,PRETTYGARDEN Women's 2023 Fall Sweatshirt Half Zip Collar Pullover Tops Oversized Long Sleeve Plain Casual Jacket Clothes,33.99,4.3,,4.3
Accessories,ReeRaa 20 pcs 18 inch Doll Clothes and Accessories for American 18 inch Girl Doll Clothes Gift Including 10 Complete Sets of Clothing,27.99,4.5,,4.5
Accessories,OQQ Women's 3 Piece Medium Support Crop Top Seamless Ribbed Removable Cups Workout Yoga Sport Bra,25.98,4.4,,4.4
Accessories,"ACMETOP 20 Pack Cedar Hang Ups, 100% Natural Cedar Blocks for Clothes Storage, Aromatic Cedar Balls Hangers, Storage Accessories Closets & Drawers",27.99,4.3,,4.3
Accessories,Reborn Baby Dolls Clothes 22 inch Outfit Accessories Yellow Duck 5pcs Set for 20-22 Inch Reborn Doll Newborn Girl&Boy,11.99,4.8,,4.8
Accessories,"122 Pcs Doll Clothes and Accessories with Closet(Include Doll), Princess Gowns Fashion Dresses Top & Pant/Jumpsuit Swimsuits Shoes Hangers, Doll Dress up Toys for Girls Kids Toddlers Toy Gifts",24.99,4.6,,4.6
Accessories,Billabong Women's Wild Pursuit Short Overall,49.95,4.0,,4.0
Accessories,SOTOGO 42 Pieces Doll Clothes for 12 Inch Boy Doll Include 19 Sets Doll Clothes Casual Clothes Career Clothes Jacket Pants Outfits and 4 Beach Shorts,16.99,4.4,,4.4
Accessories,The Peanutshell Newborn Layette Gift Set for Baby Boys - 23 Piece Newborn Boy Clothes & Accessories Set - Fits Newborn to 3 Months - Blue Camo,59.99,4.8,,4.8
Accessories,SOLY HUX Women's Butterfly Print Drawstring High Waisted Sweatpants Joggers Pants,26.99,4.4,,4.4
Accessories,"The Peanutshell Newborn Clothes & Accessories Set, 23 Piece Baby Girl Layette Gift Set, Fits Newborn to 3 Month",59.99,4.8,,4.8
Accessories,SheIn Women's 3 Sets Rib Knit Lounge Set Crop Cami Top and Tie Front Shorts Sleepwear Pajama Set,42.99,4.5,,4.5
Accessories,"HOAKWA 10 Sets Alive Doll Clothes and Accessories Fits 10-11-12 Inch Baby Dolls, American 14-14.5 Inch Dolls, with Underwear and Hair Clip Doll Clothing Dress Outfits",19.90,4.4,,4.4
Accessories,Carhartt Men's Knit Cuffed Beanie,19.99,4.8,,4.8
Accessories,65 PCS Clothes and Accessories for Barbie Including 5 Wedding Gown Dresses 10 Slip Dress 2 Fashion Dresses 2 Tops 2 Pants 2 Bikini 20 Shoes 22 Accessories for 11.5 Inch Dolls in Random,16.99,3.9,,3.9
Accessories,The Peanutshell Newborn Layette Gift Set for Baby Boys or Girls - 23 Piece Gender Neutral Newborn Clothes & Accessories Set - Safari Themed,59.99,4.8,,Price
Accessories,The Peanutshell Newborn Layette Gift Set for Baby Boys or Girls - 23 Piece Gender Neutral Newborn Clothes & Accessories Set - Safari Themed,59.99,4.8,,4.8
Accessories,"mizeo Spa Headband for Women,Sponge Terry Cloth Fabric Head Band,Soft&Non Slip Hair Band for Washing Face,Makeup,Skincare,Shower,Hair Accessories（Blue）",8.90,4.7,,1
Accessories,Urban CoCo Women's Shiny Flared Pleated Mini Skater Skirt,17.85,4.1,,4.1
Accessories,Knowyou 6 Pack Seamless Thongs for Women Sexy No Show Breathable Underwear Stretch Straps T-Back Tangas Panties for Ladies,13.56,4.5,,|
Accessories,Knowyou 6 Pack Seamless Thongs for Women Sexy No Show Breathable Underwear Stretch Straps T-Back Tangas Panties for Ladies,13.56,4.5,,4.5
Accessories,"ANIVIVO Skirted Legging for Women, Yoga Legging with Skirts &Women Tennis Leggings Clothes Pockets",24.45,4.4,,4.4
Accessories,Flowy Athletic Shorts for Women Running Tennis Butterfly Shorts Girls 2-in-1 Double Layer Quick-Drying Comfy Shorts,19.98,4.4,,4.4
Accessories,"MARENA Recovery Mid-Calf-Length Girdle High-Back, Stage 2 (pull on), XXXL, Black",132.00,4.3,,4.3
Accessories,"Maui Rippers Women’s 5"" 4-Way Stretch Swim Shorts Boardshorts",39.95,4.5,,4.5
Accessories,The Peanutshell Newborn Layette Gift Set for Baby Boys - 23 Piece Newborn Boy Clothes & Accessories Set - Fits Newborn to 3 Months - Blue Camo,59.99,4.8,,4.8
Accessories,Lviefent Womens Lightweight Full Zip Running Track Jacket Workout Slim Fit Yoga Sportwear with Thumb Holes,19.16,4.4,,4.4
Dresses,ZAFUL Women Halterneck Satin Mini Dress Sexy Cowl Neck Silky Party Cocktail Club Dress,29.99,4.0,,Price
Dresses,ZAFUL Women Halterneck Satin Mini Dress Sexy Cowl Neck Silky Party Cocktail Club Dress,29.99,4.0,,4.0
Dresses,REORIA Women's Summer Casual Lounge Long Dress Elegant Short Sleeve Crew Neck Bodycon Maxi Dresses,36.99,4.7,,4.7
Dresses,CUPSHE Women's Floral Print Chiffon A-Line Mini Dress Long Peasant Sleeves,44.99,4.1,,4.1
Dresses,QINSEN Women's Square Neck Bodice Dress Sleeveless Tank Top Stretch Flare Mini Dresses,32.99,4.1,,4.1
Dresses,ANRABESS Women's Deep V Neck Short Sleeve Long Dresses Pleated High Waist Slit Club Party Evening Maxi Dress,49.99,3.9,,3.9
Dresses,ZAFUL Women's Satin Sleeveless Spaghetti Strap Mini Dress Side Slit Cowl Neck Cocktail Party Dresses,40.99,3.7,,3.7
Dresses,ANRABESS Women's Casual Loose Short Sleeve Long Dress Split Maxi Summer Beach Dress with Pockets,36.99,4.3,,4.3
Dresses,Dokotoo Womens 2023 Spring Summer Deep V Neck Elegant Bow tie Mini Dress S-XL,28.04,4.4,,4.4
Dresses,ANRABESS Women's Square Neck Mesh Long Sleeve Ruched Bodycon Mini Dress Party Club Cocktail Short Dresses,39.99,4.2,,4.2
Dresses,ZAFUL Women's Square Neck Off Shoulder Tie Back Long Lantern Sleeve Ruffle Short Dress A-Line Mini Dress,29.99,4.2,,4.2
Dresses,ANRABESS Women's 2023 Summer Bohemian One Shoulder Sleeveless Smocked Ruffle Tiered Beach Maxi Sun Dress,21.99,4.2,,4.2
Dresses,CUPSHE Womens V Neck Floral Mini Dress Long Sleeve A Line Surplice,39.99,4.0,,4.0
Dresses,ANRABESS Women's Elegant Bridesmaid Dresses Square Neck Ruffle Split Midi Formal Dress for Wedding Guest Cocktail Party,45.99,4.2,,4.2
Dresses,Amazon Essentials Women's Classic Cap Sleeve Wrap Dress (Available in Plus Size),40.60,4.3,,4.3
Dresses,LYANER Women's Collar V Neck Button Down Pleated Long Sleeve Mini Shirt Dress with Belt,41.99,4.1,,4.1
Dresses,SheIn Women's Wrap Tie Side Scoop Neck Bodycon Midi Dress Sleeveless Asymmetrical Tank Dresses,27.99,4.0,,4.0
Dresses,Amazon Essentials Women's Standard Short-Sleeve V-Neck Swing Dress,14.63,4.2,,Amazon’s
Dresses,Amazon Essentials Women's Standard Short-Sleeve V-Neck Swing Dress,14.63,4.2,,4.2
Dresses,Amazon Essentials Women's Relaxed Fit Half-Sleeve Waisted Midi A-Line Dress,25.42,4.1,,4.1
Dresses,Amazon Essentials Women's Short-Sleeve Midi Button Front Tie Dress,27.97,4.0,,4.0
Dresses,Amazon Essentials Women's Jersey Sleeveless Gathered Midi Dress (Previously Daily Ritual),20.93,4.3,,4.3
Dresses,Amazon Essentials Women's Sleeveless Woven Shift Dress,23.70,4.2,,4.2
Dresses,REORIA Women's Sexy Lounge Slip Long Dress Elegant Sleeveless Backless Ribbed Bodycon Maxi Dresses,34.99,4.5,,4.5
Dresses,SheIn Women's Sleeveless Criss Cross Backless Side Split Strappy Party Maxi Dress,19.99,3.5,,3.5
Dresses,GRACE KARIN Women's Summer Wedding Guest Dress Elegant One Shoulder Cocktail Dress Ruffle Short Sleeve A Line Party Dress,42.98,4.4,,4.4
Dresses,CUPSHE Women Summer Halter Smocked Maxi Dress Plunge Sleeveless Long Solid Fitted Waist Dress Grey,39.99,3.5,,3.5
Dresses,ANRABESS Women's One Shoulder Ruched Bodycon Mini Dress Puff Long Sleeve Sexy Cocktail Party Short Dress,36.99,4.5,,4.5
Dresses,Amoretu Women Summer Tunic Dress V Neck Casual Loose Flowy Swing Shift Dresses,25.45,3.9,,3.9
Dresses,GRACE KARIN Women's Summer Bridesmaid Dresses for Wedding V Neck Ruffle Party Cocktail Dresses Chiffon Flowy Wrap Dress,47.99,4.0,,4.0
Dresses,ANRABESS Women's Sexy V Neck Ruched Bodycon Mini Dress Puff Long Sleeve Cocktail Wedding Party Short Dresses,36.99,3.9,,3.9
Dresses,GRACE KARIN Women's Sequin Sparkly Party Dress Cocktail Bodycon Glitter Dresses Long Sleeve,49.99,4.0,,4.0
Dresses,ANRABESS Women's Crewneck Long Sleeve Tie Waist A-Line Swing Bodycon Short Dress Casual Solid Ribbed Knit Sweater Dress,39.99,4.3,,4.3
Dresses,ANRABESS Women's Summer Casual Short Sleeve Crewneck Swing Dress Casual Flowy Tiered Maxi Beach Dress with Pockets,36.99,4.4,,4.4
Dresses,Amazon Essentials Women's Relaxed Fit Half-Sleeve Waisted Midi A-Line Dress,28.50,4.1,,4.1
Dresses,ANRABESS Women's Casual Summer Midi Dress Puffy Short Sleeve Square Neck Smocked Tiered Boho Dresses,29.99,4.1,,4.1
Dresses,BROVAVE Women's 2023 Summer Casual Boho Sundress Polka Dot Spaghetti Strap V Neck Flowy Midi Dresses,33.99,4.2,,4.2
Dresses,Cosonsen Women's Dress Deep V-Neck Long Sleeve Waist Tie Ruffle Mini Swing Skater Dresses,35.99,4.2,,4.2
Dresses,ZAFUL 2023 Boho Maxi Dress for Women A Line Tie Waist Summer Dress Deep V Neck Smocked Wrap Dress,39.99,3.6,,3.6
Dresses,ANRABESS Women's Casual Loose Sundress Long Dress Sleeveless Split Maxi Dresses Summer Beach Dress with Pockets,36.99,4.3,,4.3
Dresses,KOJOOIN Women's Striped Flutter Sleeve Wrap Tie Waist T Shirt Dress Summer V Neck Button Down A Line Mini Dresses,16.99,3.9,,3.9
Dresses,ANRABESS Women’s Summer Loose Kimono Maxi Dress Wrap V Neck 3/4 Sleeve Floral Print Slit Long Dresses,47.99,4.0,,4.0
Dresses,Bbonlinedress Women Short 1950s Retro Vintage Cocktail Party Swing Dresses,36.99,4.0,,4.0
Dresses,KIRUNDO Women's Long Sleeve Ruffle Mock Neck Tiered Mini Babydoll Dress Casual Swing Tunic Shift Dresses,45.99,4.3,,4.3
Dresses,REORIA Women’s Sexy Lounge Slip Short Dress Casual Sleeveless Backless Ribbed Bodycon Mini Dresses,26.99,4.2,,4.2
Dresses,REORIA Women's Summer Sexy Lounge Tank Long Dress Elegant Sleeveless Halter Neck Bodycon Maxi Dresses,34.99,4.5,,4.5
Dresses,ANRABESS Women’s Summer Casual Loose Sleeveless Spaghetti Strap Asymmetric Tiered Beach Maxi Long Dress,44.99,4.1,,4.1
Dresses,ANRABESS Women’s Summer Casual V Neck Babydoll Dress Ruffle Short Sleeve Tiered A-Line Flowy Mini Beach Dress,37.99,3.6,,3.6
Dresses,PRETTYGARDEN Women's Casual Summer Dresses Trimmed Short Sleeve V Neck Tie Front Flowy Dress,42.99,3.9,,3.9
Dresses,ZAFUL Women Dress Square Neck Off Shoulder Long Puff Sleeve Smocked High Waist Casual A Line Dress,35.99,3.8,,3.8
Dresses,GRACE KARIN Women's Summer Midi Dresses Cap Sleeve Tie Waist Work Dress Slit V-Neck Bodycon Dress Business Casual Outfits,29.99,4.1,,4.1
Dresses,ANRABESS Women's Floral Midi Dress Puff Long Sleeve Ruffle Trim Smocked A-line Pleated Swing Chiffon Dresses with Belt,42.99,4.1,,4.1
Dresses,ARTFREE Women's Long Lantern Sleeves Mini Dress V Neck Button Down Ruffle Tiered Swing Summer Casual Dress,37.99,4.3,,4.3
Dresses,GRACE KARIN Women's Long Sleeve Midi A Line Dress Gold Dot Round Neck Ruffle Tiered Belt Wedding Guest Dress with Slit,39.99,4.4,,4.4
Dresses,Ekouaer Womens Satin Nightgown Sexy Lingerie Sleepwear Spaghetti Strap Cowl Neck Elegant Long Slip Satin Silk Midi Dress,19.99,4.1,,4.1
Dresses,MEROKEETY Women's 3/4 Balloon Sleeve Striped High Waist T Shirt Midi Dress with Pockets,36.99,4.2,,4.2
Dresses,WDIRARA Women's Short Sleeve Notched V Neck Tunic Dress Casual Solid Dresses,35.99,4.1,,4.1
Dresses,LYANER Women's Collar V Neck Button Down Pleated Long Sleeve Mini Shirt Dress with Belt,41.99,4.1,,4.1
Dresses,PRETTYGARDEN Women's Floral Maxi Dress 2023 Knot One Shoulder Sleeveless Ruffle Hem Flowy Boho Dresses,25.99,4.1,,4.1
Dresses,The Dresser,3.99,4.3,,Price
Dresses,The Dresser,3.99,4.3,,2016
Dresses,ANRABESS Women 2023 Summer Sleeveless Ruch Bodycon High Waist Asymmetric Slit Cocktail Maxi Dress,44.99,4.0,,4.0
Dresses,ANRABESS Women's 2023 Fall Elegant Sweater Dress Long Sleeve Crewneck Tie Waist Slim Rib Knit Slit Bodycon Midi Dress,35.99,4.5,,4.5
Dresses,GRACE KARIN Women's Work Pencil Dress Wedding Guest Office Dresses Cocktail Party Long Sleeve,46.99,4.1,,4.1
Dresses,ANRABESS Women Summer Satin Strapless Formal Dress Sexy Backless Bodycon Wedding Cocktail Party Maxi Dress,47.99,4.1,,4.1
Dresses,Amazon Essentials Women's Short-Sleeve Scoop Neck Swing Dress (Available in Plus Size),14.93,4.3,,4.3
Dresses,ANRABESS Women Midi Sweater Dress Long Sleeve Crewneck High Waist Casual A-Line Pleated Dresses,36.99,4.4,,4.4
Dresses,Ezbelle Women's 2023 Summer Dress Off The Shoulder Short Sleeve Ribbed Casual Party Bodycon Midi Dresses,40.99,4.4,,4.4
Dresses,SweatyRocks Women's Graphic Short Sleeve Belted Mini Dress A Line Flared Skater Dresses,35.99,4.1,,4.1
Dresses,The Dress,4.99,4.1,,by
Dresses,ANRABESS Women Tie Strap Sleeveless Square Neck Ruffle Dress High Waist A line Casual Boho Long Dress,21.49,4.3,,4.3
Dresses,ANRABESS Women's Sexy Bodycon Short Dress Ruched Sleeveless Club Party Mini Dress,37.99,3.8,,3.8
Dresses,ANRABESS Women’s Summer Short Sleeve Crewneck T Shirt Maxi Dress Tie Waist Casual Slim Fit Slit Beach Dresses,29.59,4.4,,4.4
Dresses,ANRABESS Women Satin One Shoulder Short Sleeve Ruched Bodycon Wrap Cocktail Party Midi Dress,53.99,3.8,,3.8
Dresses,ZAFUL Womens Satin Sexy Backless Wrap V Neck Sleeveless Spaghetti Strap Pleated Flowy Party Midi Dress,32.99,5.0,,5.0
Dresses,CUPSHE Geo Print Belted Combo Dress Short Sleeves Crew Neck Dresses Casual Summer,34.99,3.8,,3.8
Dresses,Amazon Essentials Women's Waisted Maxi Dress (Available in Plus Size),25.42,4.3,,4.3
Dresses,ANRABESS Women's Summer Ruffle Maxi Dress Floral Print 3/4 Bell Sleeve V Neck High Waist Flowy Boho Long Dress,45.99,4.0,,4.0
Dresses,"Hanes Originals Women's Garment Dyed Midi Dress, 100% Cotton Vintage Wash Ankle-Length Dress",17.49,3.9,,3.9
Dresses,ANRABESS Women's 2023 Fall Long Sleeve Sweater Dress Turtleneck Slim Fit Ribbed Knit Slit Midi Dress,42.99,4.4,,4.4
Dresses,Amazon Essentials Women's Long Sleeve Classic Wrap Dress (Available in Plus Size),38.00,4.0,,4.0
Dresses,LYANER Women's Satin V Neck Twist Ruffle Flowy Swing Short Sleeve Elegant Mini Dress,37.99,3.9,,3.9
Dresses,VUBIYA 2023 Summer Satin Tube Tops Slit Wedding Guest Dress for Women Elegant Strapless Halter Neck Cocktail Midi Dresses,42.99,4.3,,4.3
Dresses,EYNMIN Women's Sleeveless Slip Bodycon Corset Maxi Dress Spaghetti Strap Ruched Elegant Evening Party Long Dresses,47.99,4.3,,4.3
Dresses,ZAFUL Women's Spaghetti Strap Floral Summer Hollow Twist Front Maxi Dresses Sexy Cutout V Neck Backless Vacation Dress,38.99,4.1,,4.1
Dresses,CUPSHE Women's Lace Up Dresses Boho Tassel V-Neck Flare Ruffle Beach,47.99,4.2,,4.2
Dresses,ANRABESS Women's One Shoulder Cocktail Short Dress Glitter Sexy Ruched Bodycon Party Prom Formal Mini Dress,37.99,4.3,,4.3
Dresses,BLENCOT Womens Casual Floral Deep V Neck Long Sleeve Long Evening Dress Cocktail Party Maxi Wedding Dresses,49.98,4.2,,4.2
Dresses,CUPSHE Women's Drawstring Short Sleeve Dress Short Sleeves Mini Dresses Casual Summer,37.99,3.9,,3.9
Dresses,CUPSHE womens Modern/Fitted,49.99,3.6,,3.6
Dresses,ZAFUL Slip Satin Dresses for Women Club Midi Dress Cowl Neck Silk Dress Cocktail Dress with Drawstring,19.99,4.0,,4.0
Dresses,ANRABESS Women's 2023 Fall Long Sleeve Sweater Dress Wrap V Neck Pleated Ribbed Knit A Line Belted Tie Waist Midi Dress,34.99,4.5,,4.5
Dresses,ANRABESS Women's V Neck Wrap Ribbed Velvet Maxi Dress Bell Sleeve Split Bridesmaid Cocktail Party Dresses,22.99,4.4,,4.4
Dresses,ANRABESS Women's One Shoulder Cocktail Midi Dress Sleeveless Ruffle Wrap Ruched Bodycon Formal Wedding Guest Dresses,55.99,4.1,,4.1
Dresses,ANRABESS Women's Summer Casual Sleeveless Crewneck Swing Sundress Fit & Flare Flowy Tiered Maxi Dress with Pockets,29.59,4.4,,4.4
Dresses,GRACE KARIN Womens Sequin Dress Sparkly Glitter One Shoulder Party Club Dress Wrap Hem Ruched Cocktail Dresses,29.99,4.1,,4.1
Dresses,ANRABESS Women Summer Square Neck Short Sleeve Cutout Crossover Waist Casual Party Tiered A-Line Mini Dress,38.99,3.9,,3.9
Dresses,ZAFUL Women 2023 Summer Sleeveless Bodycon Dress Crew Neck Ribbed Tank Slim Fit Ruched Stretchy Party Club Mini Dress,29.99,4.1,,4.1
Dresses,Amazon Essentials Women's Short-Sleeve Waisted Maxi Dress (Available in Plus Size),25.42,4.4,,4.4
Dresses,GRACE KARIN Women's Long Formal Dresses Sleeveless V Neck Cocktail Wedding Guest Dresses Mermaid Ruffle Party Prom Maxi Dress,34.49,4.1,,4.1
Laptops,"HP ProBook 640 G2 Laptop, 14 HD Display, Intel Core i5-6300U Upto 3.0GHz, 16GB RAM, 256GB NVMe SSD, DisplayPort, Wi-Fi, Bluetooth, Windows 10 Pro (Renewed)",417.55,4.1,,4.1
Laptops,"Lenovo IdeaPad, 20GB RAM, 1TB SSD, AMD Dual-core Processor, 15.6 Inch HD Anti-Glare Display, Long Battery Life Up to 9.5Hr, HDMI, SD Card Reader, Windows 11, 1 Year Microsoft 365",417.55,4.1,,4.1
Laptops,"Lenovo IdeaPad, 20GB RAM, 1TB SSD, AMD Dual-core Processor, 15.6 Inch HD Anti-Glare Display, Long Battery Life Up to 9.5Hr, HDMI, SD Card Reader, Windows 11, 1 Year Microsoft 365",417.55,4.1,,4.1
Laptops,"Chicbuy 15.6"" Full HD Laptop Computer, Intel Celeron N5095 Processors-Up to 2.9 GHz, 12GB RAM, 512GB SSD, USB 3.0, Type-C, 2.4/5Ghz Dual WiFi, Pre-Installed Windows 11 Home.",339.99,5.0,,5.0
Laptops,"Chicbuy 15.6"" Full HD Laptop Computer, Intel Celeron N5095 Processors-Up to 2.9 GHz, 12GB RAM, 512GB SSD, USB 3.0, Type-C, 2.4/5Ghz Dual WiFi, Pre-Installed Windows 11 Home.",339.99,5.0,,5.0
Laptops,"HP Newest 14"" Ultral Light Laptop for Students and Business, Intel Quad-Core N4120, 8GB RAM, 192GB Storage(64GB eMMC+128GB Micro SD), 1 Year Office 365, Webcam, HDMI, WiFi, USB-A&C, Win 11 S",299.99,4.3,,Amazon's
Laptops,"HP Newest 14"" Ultral Light Laptop for Students and Business, Intel Quad-Core N4120, 8GB RAM, 192GB Storage(64GB eMMC+128GB Micro SD), 1 Year Office 365, Webcam, HDMI, WiFi, USB-A&C, Win 11 S",299.99,4.3,,4.3
Laptops,"ANMESC Laptop Computer｜Laptop 15.6"" with 1080P FHD Display｜Quad-Core Intel Celeron N5095 Processors｜12GB DDR4 512GB SSD｜Windows 11 Laptop Computers｜2.4G/5G WiFi｜Bluetooth 4.2｜Numeric Keypad｜Type-C",349.99,4.5,,4.5
Laptops,"ANMESC Laptop Computer｜Laptop 15.6"" with 1080P FHD Display｜Quad-Core Intel Celeron N5095 Processors｜12GB DDR4 512GB SSD｜Windows 11 Laptop Computers｜2.4G/5G WiFi｜Bluetooth 4.2｜Numeric Keypad｜Type-C",349.99,4.5,,4.5
Laptops,"Lenovo 2023 Convertible 2-in-1 Laptop,14"" IPS 2K(2240x1400) Touchscreen, Intel 10-Core Processor i7-1255U Up to 4.60GHz, 16GB Ram, 512GB SSD, Backlit Keyboard, Fingerprint Reader, Win11 OS(Renewed)",535.99,3.8,,3.8
Laptops,"Lenovo 2023 Convertible 2-in-1 Laptop,14"" IPS 2K(2240x1400) Touchscreen, Intel 10-Core Processor i7-1255U Up to 4.60GHz, 16GB Ram, 512GB SSD, Backlit Keyboard, Fingerprint Reader, Win11 OS(Renewed)",535.99,3.8,,3.8
Laptops,"HP ProBook 640 G2 Laptop, 14 HD Display, Intel Core i5-6300U Upto 3.0GHz, 16GB RAM, 256GB NVMe SSD, DisplayPort, Wi-Fi, Bluetooth, Windows 10 Pro (Renewed)",168.99,4.0,,Shop
Laptops,"HP ProBook 640 G2 Laptop, 14 HD Display, Intel Core i5-6300U Upto 3.0GHz, 16GB RAM, 256GB NVMe SSD, DisplayPort, Wi-Fi, Bluetooth, Windows 10 Pro (Renewed)",168.99,4.0,,4.0
Laptops,"Acer Aspire Vero AV15-51-5155 Green PC | 15.6"" FHD IPS 100% sRGB Display | 11th Gen Intel Core i5-1155G7 | Intel Iris Xe Graphics | 8GB DDR4 | 256GB SSD | Wi-Fi 6 | PCR Materials | Windows 11 Home",448.99,4.3,,4.3
Laptops,"Dell Precision 7520 15.6 FHD, Core i7 6820HQ 2.7GHz, 16GB RAM, 512GB SSD, Windows 10 Pro 64Bit, CAM (Renewed)",296.99,3.9,,3.9
Laptops,"Microsoft Surface Laptop 3 – 13.5"" Touch-Screen – Intel Core i7 - 16GB Memory – 1TB Solid State Drive – Matte Black",1598.00,4.5,,4.5
Laptops,"ANMESC Laptop Computer 15.6"" with 1080P FHD Display, Quad-Core Intel Celeron N5095 Processors, 12GB DDR4 512GB SSD,Windows 11 Laptop Computers",359.98,4.5,,4.5
Laptops,"ANMESC Laptop Computer 15.6"" with 1080P FHD Display, Quad-Core Intel Celeron N5095 Processors, 12GB DDR4 512GB SSD,Windows 11 Laptop Computers",359.98,4.5,,4.5
Laptops,"WIPEMIK Laptop, Windows Laptop Computer, 12GB RAM 512GB SSD, Intel Quad-Cores N4120 Processor, 14"" Full HD Windows 11 Pro Laptops, Support 2.4G/5G WiFi, Bluetooth 4.2, USB 3.0, Long Lasting Battery",257.99,4.9,,4.9
Laptops,"WIPEMIK Laptop, Windows Laptop Computer, 12GB RAM 512GB SSD, Intel Quad-Cores N4120 Processor, 14"" Full HD Windows 11 Pro Laptops, Support 2.4G/5G WiFi, Bluetooth 4.2, USB 3.0, Long Lasting Battery",257.99,4.9,,4.9
Laptops,"HP Notebook Laptop, 15.6"" HD Touchscreen, Intel Core i3-1115G4 Processor, 32GB RAM, 1TB PCIe SSD, Webcam, Type-C, HDMI, SD Card Reader, Wi-Fi, Windows 11 Home, Silver",470.00,4.3,,4.3
Laptops,"HP Notebook Laptop, 15.6"" HD Touchscreen, Intel Core i3-1115G4 Processor, 32GB RAM, 1TB PCIe SSD, Webcam, Type-C, HDMI, SD Card Reader, Wi-Fi, Windows 11 Home, Silver",470.00,4.3,,4.3
Laptops,"ASUS ROG Strix G16 (2023) Gaming Laptop, 16” 16:10 FHD 165Hz, GeForce RTX 4070, Intel Core i9-13980HX, 16GB DDR5, 1TB PCIe SSD, Wi-Fi 6E, Windows 11, G614JI-AS94, Eclipse Gray",1980.92,4.5,,4.5
Laptops,"ASUS ROG Strix G16 (2023) Gaming Laptop, 16” 16:10 FHD 165Hz, GeForce RTX 4070, Intel Core i9-13980HX, 16GB DDR5, 1TB PCIe SSD, Wi-Fi 6E, Windows 11, G614JI-AS94, Eclipse Gray",1980.92,4.5,,4.5
Laptops,"Acer Aspire 3 A315-24P-R7VH Slim Laptop | 15.6"" Full HD IPS Display | AMD Ryzen 3 7320U Quad-Core Processor | AMD Radeon Graphics | 8GB LPDDR5 | 128GB NVMe SSD | Wi-Fi 6 | Windows 11 Home in S Mode",299.99,4.5,,4.5
Laptops,"Acer Aspire 3 A315-24P-R7VH Slim Laptop | 15.6"" Full HD IPS Display | AMD Ryzen 3 7320U Quad-Core Processor | AMD Radeon Graphics | 8GB LPDDR5 | 128GB NVMe SSD | Wi-Fi 6 | Windows 11 Home in S Mode",299.99,4.5,,4.5
Laptops,"HP 14 Laptop, Intel Celeron N4020, 4 GB RAM, 64 GB Storage, 14-inch Micro-edge HD Display, Windows 11 Home, Thin & Portable, 4K Graphics, One Year of Microsoft 365 (14-dq0040nr, 2021, Snowflake White)",196.33,4.2,,4.2
Laptops,"HP 14 Laptop, Intel Celeron N4020, 4 GB RAM, 64 GB Storage, 14-inch Micro-edge HD Display, Windows 11 Home, Thin & Portable, 4K Graphics, One Year of Microsoft 365 (14-dq0040nr, 2021, Snowflake White)",196.33,4.2,,4.2
Laptops,"Lenovo 15.6"" Laptop, IdeaPad 1, 20GB RAM, 1TB PCIe SSD, Wi-Fi 6 and Bluetooth 5.1, HDMI, SD Card Reader, 15.6"" HD Anti-Glare Display, AMD Athlon Dual-core Processor, Windows 11 Home in S Mode",429.00,4.0,,4.0
Laptops,"Lenovo 15.6"" Laptop, IdeaPad 1, 20GB RAM, 1TB PCIe SSD, Wi-Fi 6 and Bluetooth 5.1, HDMI, SD Card Reader, 15.6"" HD Anti-Glare Display, AMD Athlon Dual-core Processor, Windows 11 Home in S Mode",429.00,4.0,,4.0
Laptops,"HP 17.3"" Flagship HD+ Business Laptop, 16GB DDR4 RAM, 1TB PCIe SSD, Intel Quad Core i3-1125G4(Beat i5-1035G4), Bluetooth, HDMI, Webcam, Windows 11, Silver, w/GM Accessories",599.99,4.4,,4.4
Laptops,"HP 17.3"" Flagship HD+ Business Laptop, 16GB DDR4 RAM, 1TB PCIe SSD, Intel Quad Core i3-1125G4(Beat i5-1035G4), Bluetooth, HDMI, Webcam, Windows 11, Silver, w/GM Accessories",599.99,4.4,,4.4
Laptops,"Lenovo IdeaPad, 20GB RAM, 1TB SSD, AMD Dual-core Processor, 15.6 Inch HD Anti-Glare Display, Long Battery Life Up to 9.5Hr, HDMI, SD Card Reader, Windows 11, 1 Year Microsoft 365",417.55,4.1,,4.1
Laptops,"Lenovo IdeaPad, 20GB RAM, 1TB SSD, AMD Dual-core Processor, 15.6 Inch HD Anti-Glare Display, Long Battery Life Up to 9.5Hr, HDMI, SD Card Reader, Windows 11, 1 Year Microsoft 365",417.55,4.1,,4.1
Laptops,"jumper Laptop, 16GB RAM 512GB SSD, Quad-Core Intel N100 Processor, 16"" FHD IPS Screen(1920x1200), Windows 11 Laptops Computer with 4 Stereo Speakers, Dual-Band WiFi, Cooling System, 38WH Battery,Gray.",379.98,4.3,,4.3
Laptops,"jumper Laptop, 16GB RAM 512GB SSD, Quad-Core Intel N100 Processor, 16"" FHD IPS Screen(1920x1200), Windows 11 Laptops Computer with 4 Stereo Speakers, Dual-Band WiFi, Cooling System, 38WH Battery,Gray.",379.98,4.3,,4.3
Laptops,"HP Latest Stream 14'' HD Laptop, Intel Celeron Processor, 4GB Memory, 64GB eMMC, Fast Charge, HDMI, Up to 11 Hours Long Battery Life, Office 365 1-Year, Win S, Microfiber Bundle, Pink Gold 4GB RAM",229.99,5.0,,5.0
Laptops,"HP Latest Stream 14'' HD Laptop, Intel Celeron Processor, 4GB Memory, 64GB eMMC, Fast Charge, HDMI, Up to 11 Hours Long Battery Life, Office 365 1-Year, Win S, Microfiber Bundle, Pink Gold 4GB RAM",229.99,5.0,,5.0
Laptops,"acer 2023 Newest Aspire 5 Slim Laptop, 15.6"" Full HD Display, 20GB RAM, 1TB SSD Storage, AMD Ryzen 4-Core Processor, Backlit Keyboard, Fingerprint Login, HDMI, Ethernet Port, Type-C, Windows 11 S",499.99,4.3,,4.3
Laptops,"acer 2023 Newest Aspire 5 Slim Laptop, 15.6"" Full HD Display, 20GB RAM, 1TB SSD Storage, AMD Ryzen 4-Core Processor, Backlit Keyboard, Fingerprint Login, HDMI, Ethernet Port, Type-C, Windows 11 S",499.99,4.3,,4.3
Laptops,"HP 17 Laptop, 17.3"" HD+ Touchscreen, Intel Core i7-1255U Processor, 16GB RAM, 256GB SSD, Webcam, HDMI, Backlit Keyboard, Wi-Fi, Windows 11 Home, Silver",777.00,4.6,,4.6
Laptops,"HP 17 Laptop, 17.3"" HD+ Touchscreen, Intel Core i7-1255U Processor, 16GB RAM, 256GB SSD, Webcam, HDMI, Backlit Keyboard, Wi-Fi, Windows 11 Home, Silver",777.00,4.6,,4.6
Laptops,"acer Aspire 3 Touchscreen 15.6"" FHD Laptop 2023 Newest, 16GB LPDDR5 1TB SSD, AMD Ryzen 5 7520U Quad-Core Processor, WiFi 6, Bluetooth 5.2, HD Webcam, HDMI, Silver, Windows 11, GM Accessory",639.95,4.3,,4.3
Laptops,"acer Aspire 3 Touchscreen 15.6"" FHD Laptop 2023 Newest, 16GB LPDDR5 1TB SSD, AMD Ryzen 5 7520U Quad-Core Processor, WiFi 6, Bluetooth 5.2, HD Webcam, HDMI, Silver, Windows 11, GM Accessory",639.95,4.3,,4.3
Laptops,"ASUS Vivobook 16X OLED Laptop, 16” 3.2K 120Hz Display, Intel Core i9-13900H CPU, NVIDIA Geforce RTX 4060 GPU, 32GB RAM, 1TB SSD, Windows 11 Home, Indie Black, K3605VU-ES94",1699.99,3.7,,3.7
Laptops,"ASUS Vivobook 16X OLED Laptop, 16” 3.2K 120Hz Display, Intel Core i9-13900H CPU, NVIDIA Geforce RTX 4060 GPU, 32GB RAM, 1TB SSD, Windows 11 Home, Indie Black, K3605VU-ES94",1699.99,3.7,,3.7
Laptops,"HP 15.6"" Touchscreen Flagship HD Laptop for Business, Intel i3-1115G4 up to 4.1GHz (Beat i5-1035G4), 16GB RAM, 1TB NVMe SSD, Fast Charge, Numpad, Bluetooth, Wi-Fi, HDMI, Win 11,w/GM Accessories",499.99,4.3,,4.3
Laptops,"HP 15.6"" Touchscreen Flagship HD Laptop for Business, Intel i3-1115G4 up to 4.1GHz (Beat i5-1035G4), 16GB RAM, 1TB NVMe SSD, Fast Charge, Numpad, Bluetooth, Wi-Fi, HDMI, Win 11,w/GM Accessories",499.99,4.3,,4.3
Laptops,"Lenovo ThinkPad L14 Bussiness Laptop, IPS Anti-Glare 14"" FHD Touch Screen, Intel i5 Upto 4.2GHz, Intel Iris Xe Graphics, 16GB RAM, 1TB PCIe SSD, Windows 11 Pro with Bundled Accessories",648.55,4.4,,4.4
Laptops,"Lenovo ThinkPad L14 Bussiness Laptop, IPS Anti-Glare 14"" FHD Touch Screen, Intel i5 Upto 4.2GHz, Intel Iris Xe Graphics, 16GB RAM, 1TB PCIe SSD, Windows 11 Pro with Bundled Accessories",648.55,4.4,,4.4
Laptops,"HP Newest 14"" Ultral Light Laptop for Students and Business, Intel Quad-Core N4120, 8GB RAM, 192GB Storage(64GB eMMC+128GB Micro SD), 1 Year Office 365, Webcam, HDMI, WiFi, USB-A&C, Win 11 S",299.99,4.3,,Amazon's
Laptops,"Acer Aspire 3 A315-24P-R7VH Slim Laptop | 15.6"" Full HD IPS Display | AMD Ryzen 3 7320U Quad-Core Processor | AMD Radeon Graphics | 8GB LPDDR5 | 128GB NVMe SSD | Wi-Fi 6 | Windows 11 Home in S Mode",299.99,4.5,,4.5
Laptops,"HP 14 Laptop, Intel Celeron N4020, 4 GB RAM, 64 GB Storage, 14-inch Micro-edge HD Display, Windows 11 Home, Thin & Portable, 4K Graphics, One Year of Microsoft 365 (14-dq0040nr, 2021, Snowflake White)",196.33,4.2,,4.2
Laptops,"SGIN Laptop 8GB DDR4 256GB SSD, 15.6 Inch Windows 11 Laptops Computer with Intel Celeron Quad Core Processor (up to 2.5 GHz), Intel UHD Graphics 600, Mini HDMI, WiFi, Webcam, USB3.0, Bluetooth 4.2",299.99,4.6,,4.6
Laptops,"HP Latest Stream 14'' HD Laptop, Intel Celeron Processor, 4GB Memory, 64GB eMMC, Fast Charge, HDMI, Up to 11 Hours Long Battery Life, Office 365 1-Year, Win S, Microfiber Bundle, Pink Gold 4GB RAM",229.99,5.0,,5.0
Laptops,"HP 2023 Latest Envy 17T Premium Laptop, 17.3"" FHD Touchscreen, Intel Core i7-13700H, 32GB RAM, 2TB SSD, Webcam, HDMI, Wi-Fi 6, Backlit Keyboard, Windows 11 Home, Grey",1179.00,4.7,,4.7
Laptops,"HP 2023 Latest Envy 17T Premium Laptop, 17.3"" FHD Touchscreen, Intel Core i7-13700H, 32GB RAM, 2TB SSD, Webcam, HDMI, Wi-Fi 6, Backlit Keyboard, Windows 11 Home, Grey",1179.00,4.7,,4.7
Laptops,"HP 2023 Latest Envy 17T Premium Laptop, 17.3"" FHD Touchscreen, Intel Core i7-13700H, 32GB RAM, 2TB SSD, Webcam, HDMI, Wi-Fi 6, Backlit Keyboard, Windows 11 Home, Grey",1179.00,4.7,,4.7
Laptops,"Lenovo IdeaPad 1 14 Laptop, 14.0"" HD Display, Intel Celeron N4020, 4GB RAM, 64GB Storage, Intel UHD Graphics 600, Win 11 in S Mode, Cloud Grey",169.99,4.1,,4.1
Laptops,"Lenovo IdeaPad 1 14 Laptop, 14.0"" HD Display, Intel Celeron N4020, 4GB RAM, 64GB Storage, Intel UHD Graphics 600, Win 11 in S Mode, Cloud Grey",169.99,4.1,,4.1
Laptops,"Auusda Laptop Computer with 16GB DDR4 512GB SSD, Intel Celeron N5095 Up to 2.9 GHz, 15.6"" FHD IPS LCD, BK, Fingerprint Unlock, Cooling Fan, Webcam, Dual Speakers, Mini HDMI, USB-A x 2, Windows 11 Pro",241.72,3.9,,3.9
Laptops,"Auusda Laptop Computer with 16GB DDR4 512GB SSD, Intel Celeron N5095 Up to 2.9 GHz, 15.6"" FHD IPS LCD, BK, Fingerprint Unlock, Cooling Fan, Webcam, Dual Speakers, Mini HDMI, USB-A x 2, Windows 11 Pro",241.72,3.9,,3.9
Laptops,"ASUS Vivobook 17X Laptop, 17.3” FHD Display, Intel Core i9-13900H CPU, 16GB RAM, 1TB SSD, Windows 11 Home, Indie Black, K3704VA-DS96",1069.00,4.0,,4.0
Laptops,"ASUS Vivobook 17X Laptop, 17.3” FHD Display, Intel Core i9-13900H CPU, 16GB RAM, 1TB SSD, Windows 11 Home, Indie Black, K3704VA-DS96",1069.00,4.0,,4.0
Laptops,"Acer Nitro 5 AN515-58-57Y8 Gaming Laptop | Intel Core i5-12500H | NVIDIA GeForce RTX 3050 Ti Laptop GPU | 15.6"" FHD 144Hz IPS Display | 16GB DDR4 | 512GB Gen 4 SSD | Killer Wi-Fi 6 | Backlit Keyboard",782.99,4.4,,4.4
Laptops,"Acer Nitro 5 AN515-58-57Y8 Gaming Laptop | Intel Core i5-12500H | NVIDIA GeForce RTX 3050 Ti Laptop GPU | 15.6"" FHD 144Hz IPS Display | 16GB DDR4 | 512GB Gen 4 SSD | Killer Wi-Fi 6 | Backlit Keyboard",782.99,4.4,,4.4
Laptops,Dell Latitude 7400 Laptop 14 Intel Core i7 8th Gen i7-8665U Dual Core 512GB SSD 16GB 1920x1080 FHD Windows 10 Pro (Renewed),316.32,4.0,,4.0
Laptops,Dell Latitude 7400 Laptop 14 Intel Core i7 8th Gen i7-8665U Dual Core 512GB SSD 16GB 1920x1080 FHD Windows 10 Pro (Renewed),316.32,4.0,,4.0
Laptops,"HP 2022 High Performance Business Laptop - 17.3"" HD+ Touchscreen - 10-Core 12th Intel i7-1255U Iris Xe Graphics - 32GB DDR4-1TB SSD - WiFi 6 Bluetooth - Backlit Keyboard - Win 11 Pro w/ 32GB USB",899.00,4.3,,4.3
Laptops,"HP 2022 High Performance Business Laptop - 17.3"" HD+ Touchscreen - 10-Core 12th Intel i7-1255U Iris Xe Graphics - 32GB DDR4-1TB SSD - WiFi 6 Bluetooth - Backlit Keyboard - Win 11 Pro w/ 32GB USB",899.00,4.3,,4.3
Laptops,"MSI Cyborg Gaming Laptop, 15.6'' 144hz IPS FHD Display, GeForce RTX 4060, Intel 10-Core i7-12650H, 32GB DDR5, 1TB PCIe SSD, Backlit KB, Wi-Fi 6, RJ45, Type-C, SPS HDMI 2.1 Cable, Win 11 Pro, Black",6 capacities,5.0,,5.0
Laptops,"MSI Cyborg Gaming Laptop, 15.6'' 144hz IPS FHD Display, GeForce RTX 4060, Intel 10-Core i7-12650H, 32GB DDR5, 1TB PCIe SSD, Backlit KB, Wi-Fi 6, RJ45, Type-C, SPS HDMI 2.1 Cable, Win 11 Pro, Black",6 capacities,5.0,,5.0
Laptops,"ASUS ROG Strix G16 (2023) Gaming Laptop, 16” 16:10 FHD 165Hz, GeForce RTX 4060, Intel Core i7-13650HX, 16GB DDR5, 512GB PCIe SSD, Wi-Fi 6E, Windows 11, G614JV-AS73, Eclipse Gray",1270.30,4.4,,4.4
Laptops,"ASUS ROG Strix G16 (2023) Gaming Laptop, 16” 16:10 FHD 165Hz, GeForce RTX 4060, Intel Core i7-13650HX, 16GB DDR5, 512GB PCIe SSD, Wi-Fi 6E, Windows 11, G614JV-AS73, Eclipse Gray",1270.30,4.4,,4.4
Laptops,"ASUS Zenbook 15 OLED Laptop, 15.6” OLED 2.8K Display, AMD Ryzen 7 7735U CPU, AMD Radeon Graphics, 32GB RAM, 1TB SSD, Windows 11 Home, Basalt Grey, UM3504DA-DS76",1299.99,4.2,,4.2
Laptops,"ASUS Zenbook 15 OLED Laptop, 15.6” OLED 2.8K Display, AMD Ryzen 7 7735U CPU, AMD Radeon Graphics, 32GB RAM, 1TB SSD, Windows 11 Home, Basalt Grey, UM3504DA-DS76",1299.99,4.2,,4.2
Laptops,"HP Pavilion 15.6"" FHD Laptop (2022 Latest Model), AMD Ryzen 5 5500U (Beats i7-11370H), 16GB RAM, 512GB PCIe NVMe M.2 SSD, Thin & Portable, Micro-Edge & Anti-Glare Screen, Long Battery Life, Windows 11",629.99,4.1,,4.1
Laptops,"HP Pavilion 15.6"" FHD Laptop (2022 Latest Model), AMD Ryzen 5 5500U (Beats i7-11370H), 16GB RAM, 512GB PCIe NVMe M.2 SSD, Thin & Portable, Micro-Edge & Anti-Glare Screen, Long Battery Life, Windows 11",629.99,4.1,,4.1
Laptops,"HP ProBook 640 G2 Laptop, 14 HD Display, Intel Core i5-6300U Upto 3.0GHz, 16GB RAM, 256GB NVMe SSD, DisplayPort, Wi-Fi, Bluetooth, Windows 10 Pro (Renewed)",168.99,4.0,,4.0
Laptops,"HP ProBook 640 G2 Laptop, 14 HD Display, Intel Core i5-6300U Upto 3.0GHz, 16GB RAM, 256GB NVMe SSD, DisplayPort, Wi-Fi, Bluetooth, Windows 10 Pro (Renewed)",168.99,4.0,,4.0
Laptops,"Lenovo IdeaPad 3i 14 Laptop, Student and Business, 14"" FHD Screen, Intel i3-1115G4 Processor, 20GB RAM, 1TB SSD, HDMI, Media Card Reader, Webcam, Dolby Audio, Wi-Fi 6, Windows 11 Home, Platinum Grey",359.00,4.1,,4.1
Laptops,"Lenovo IdeaPad 3i 14 Laptop, Student and Business, 14"" FHD Screen, Intel i3-1115G4 Processor, 20GB RAM, 1TB SSD, HDMI, Media Card Reader, Webcam, Dolby Audio, Wi-Fi 6, Windows 11 Home, Platinum Grey",359.00,4.1,,4.1
Laptops,"HP Laptop, Newest 14"" Ultral Light Laptop for Students and Business, Intel Celeron N4120, 8GB RAM, 192GB Storage(64GB eMMC+128GB Micro SD), WiFi, Bluetooth, HDMI, Webcam, USB-A&C, Win11 S-White",299.99,4.3,,4.3
Laptops,"HP Laptop, Newest 14"" Ultral Light Laptop for Students and Business, Intel Celeron N4120, 8GB RAM, 192GB Storage(64GB eMMC+128GB Micro SD), WiFi, Bluetooth, HDMI, Webcam, USB-A&C, Win11 S-White",299.99,4.3,,4.3
Laptops,"Lenovo Ideapad 1i Thin Light Laptop, 14.0"" HD Display, Intel Celeron N4020(up to 2.80 GHz), 4GB RAM 64GB eMMC, WiFi 6, Webcam, 10Hr Battery, Windows 11 S, Cloud Grey",173.00,4.3,,4.3
Laptops,"Lenovo Ideapad 1i Thin Light Laptop, 14.0"" HD Display, Intel Celeron N4020(up to 2.80 GHz), 4GB RAM 64GB eMMC, WiFi 6, Webcam, 10Hr Battery, Windows 11 S, Cloud Grey",173.00,4.3,,4.3
Laptops,"ASUS TUF Gaming A17 Gaming Laptop, 17.3” 144Hz FHD IPS-Type Display, AMD Ryzen 5 4600H, GeForce GTX 1650, 8GB DDR4, 512GB PCIe SSD, RGB Keyboard, Windows 11 Home, Bonfire Black Color, FA706IH-RS53",658.34,4.5,,4.5
Laptops,"ASUS TUF Gaming A17 Gaming Laptop, 17.3” 144Hz FHD IPS-Type Display, AMD Ryzen 5 4600H, GeForce GTX 1650, 8GB DDR4, 512GB PCIe SSD, RGB Keyboard, Windows 11 Home, Bonfire Black Color, FA706IH-RS53",658.34,4.5,,4.5
Laptops,"ASUS TUF Gaming F15 Gaming Laptop, 15.6” 144Hz FHD Display, Intel Core i5-11400H Processor, GeForce RTX 2050, 8GB DDR4 RAM, 512GB PCIe SSD Gen 3, Wi-Fi 6, Windows 11, FX506HF-ES51,Graphite Black",699.99,4.5,,4.5
Laptops,"ASUS TUF Gaming F15 Gaming Laptop, 15.6” 144Hz FHD Display, Intel Core i5-11400H Processor, GeForce RTX 2050, 8GB DDR4 RAM, 512GB PCIe SSD Gen 3, Wi-Fi 6, Windows 11, FX506HF-ES51,Graphite Black",699.99,4.5,,4.5
Laptops,"ASUS TUF Gaming F15 Gaming Laptop, 15.6” 144Hz FHD Display, Intel Core i5-11400H Processor, GeForce RTX 2050, 8GB DDR4 RAM, 512GB PCIe SSD Gen 3, Wi-Fi 6, Windows 11, FX506HF-ES51,Graphite Black",699.99,4.5,,4.5
Laptops,"Dell Inspiron 15 3000 Series 3530 Laptop, 15.6"" FHD Touchscreen, 13th Gen Intel Core i7-1355U, 32GB RAM, 1TB PCIe SSD, Webcam, HDMI, Wi-Fi 6, Windows 11 Home, Black",898.00,4.3,,4.3
Laptops,"Dell Inspiron 15 3000 Series 3530 Laptop, 15.6"" FHD Touchscreen, 13th Gen Intel Core i7-1355U, 32GB RAM, 1TB PCIe SSD, Webcam, HDMI, Wi-Fi 6, Windows 11 Home, Black",898.00,4.3,,4.3
Laptops,"HP Newest 17t Laptop, 17.3'' HD+ Touchscreen, Intel Core i7-1165G7 Processor, 64GB DDR4 RAM, 2TB PCIe SSD, Backlit Keyboard, HDMI, Windows 11 Home, Silver",959.00,4.3,,4.3
Laptops,"HP Newest 17t Laptop, 17.3'' HD+ Touchscreen, Intel Core i7-1165G7 Processor, 64GB DDR4 RAM, 2TB PCIe SSD, Backlit Keyboard, HDMI, Windows 11 Home, Silver",959.00,4.3,,4.3
Laptops,"ASUS C523NA Chromebook 15.6"" HD Laptop, Intel Celeron N3350 Processor, 4GB RAM, 64GB eMMC Flash Memory, Intel HD Graphics, HD Webcam, Stereo Speakers, Chrome OS, Silver, (renewed)",129.99,4.1,,4.1
Laptops,"ASUS C523NA Chromebook 15.6"" HD Laptop, Intel Celeron N3350 Processor, 4GB RAM, 64GB eMMC Flash Memory, Intel HD Graphics, HD Webcam, Stereo Speakers, Chrome OS, Silver, (renewed)",129.99,4.1,,4.1
Laptops,"ASUS Zenbook S 13 OLED Ultra Laptop, 13.3” OLED 2.8K Display, Intel Evo Certified, i7-1355U CPU, Intel® Iris Xe Graphics, 32GB RAM, 1TB SSD, Windows 11 Pro, Basalt Grey, UX5304VA-XS76T",1399.99,4.4,,4.4
Laptops,"ASUS Zenbook S 13 OLED Ultra Laptop, 13.3” OLED 2.8K Display, Intel Evo Certified, i7-1355U CPU, Intel® Iris Xe Graphics, 32GB RAM, 1TB SSD, Windows 11 Pro, Basalt Grey, UX5304VA-XS76T",1399.99,4.4,,4.4
Laptops,"HP 15 Laptop, AMD Ryzen 3-5300U Processor, 8 GB RAM, 256 GB SSD Storage, 15.6-inch HD Micro-Edge Display, Windows 11 Home, Long-Lasting Battery, Fast Charge, 720p Webcam (15-ef2024nr), Natural silver",349.00,4.5,,4.5
Shoes,Under Armour Men's Charged Assert 9 Running Shoe,27.48,4.6,,4.6
Shoes,Under Armour Men's Charged Assert 9 Running Shoe,27.48,4.6,,4.6
Shoes,Merrell Men's Jungle Leather Slip-On Shoe,42.20,4.6,,4.6
Shoes,adidas Men's Lite Racer Adapt 5.0 Running Shoe,64.30,4.5,,4.5
Shoes,PUMA Men's Roma Classic Sneaker,58.97,4.3,,Shop
Shoes,PUMA Men's Roma Classic Sneaker,58.97,4.3,,4.3
Shoes,PUMA womens Carina,45.44,4.5,,4.5
Shoes,PUMA Unisex-Adult Smash V2 Sneaker,45.81,4.5,,4.5
Shoes,PUMA Women's Cali Sneaker,61.31,4.6,,4.6
Shoes,PUMA Men's Super Liga OG Retro Sneaker,62.52,4.5,,4.5
Shoes,PUMA Unisex-Child St Runner 2 Hook and Loop Sneaker,24.45,4.5,,4.5
Shoes,KEEN Men's Voyageur Low Height Breathable Hiking Shoes,99.55,4.4,,4.4
Shoes,Avia Avi-Skill Non Slip Shoes for Men – Men's Work & Safety Footwear - Black,23.98,3.9,,3.9
Shoes,Hey Dude Women's Wendy Boho Slip-on Casual Shoes Loafer,29.98,4.8,,4.8
Shoes,Steve Madden Mens Fenta Shoes,52.25,4.3,,4.3
Shoes,Skechers Men's Energy Afterburn Lace-Up Sneaker,42.99,4.5,,4.5
Shoes,Skechers Men's Go Max Clinched-Athletic Mesh Double Gore Slip on Walking Shoe,41.25,4.5,,4.5
Shoes,Bruno Marc Men's Mesh Fabric Fashion Sneakers Casual Oxfords Lightweight Breathable Versatile Walking Shoes,34.99,4.4,,4.4
Shoes,LifeStride Women's I-Loyal Flat,25.99,4.3,,4.3
Shoes,K-Swiss Men's Tubes 200 Training Shoe,29.90,4.6,,4.6
Shoes,adidas Originals Men's Superstar Sneaker,90.00,4.6,,4.6
Shoes,DREAM PAIRS Women's Comfortable Fashion Elastic Ankle Straps Flats Shoes,36.99,4.3,,4.3
Shoes,Bruno Marc Moda Italy Men's Prince Classic Modern Formal Oxford Wingtip Lace Up Dress Shoes,36.54,4.4,,4.4
Shoes,Dockers Men's Beacon Boat Shoe,47.54,4.3,,4.3
Shoes,Columbia Men's Crestwood Hiking Shoe,54.32,4.6,,4.6
Shoes,Skechers Men's Go Max-Athletic Air Mesh Slip on Walking Shoe Sneaker,39.99,4.5,,4.5
Shoes,Under Armour Men's Charged Impulse 2 Knit Road Running Shoe,41.20,4.6,,4.6
Shoes,Amazon Essentials Women's Slip on Sneaker,22.87,3.8,,3.8
Shoes,Skechers Men's Synergy Ekron Work Shoe,58.60,4.4,,4.4
Shoes,Hey Dude Mens Wally Sox,32.50,4.7,,4.7
Shoes,Bruno Marc Men's Leather Lined Dress Oxfords Shoes,32.99,4.4,,4.4
Shoes,Under Armour Women's Charged Assert 9,55.00,4.5,,4.5
Shoes,adidas Men's Lite Racer Adapt 4.0 Running Shoe,45.50,4.5,,4.5
Shoes,Bruno Marc Men's Oxfords Formal Dress Shoes,34.19,4.3,,4.3
Shoes,Skechers Men's Classic Fit-Delson-Camden Sneaker,49.00,4.6,,4.6
Shoes,Bruno Marc Men's Mesh Sneakers Oxfords Lace-Up Lightweight Casual Walking Shoes,45.99,4.6,,4.6
Shoes,ALTRA Women's AL0A7R78 Torin 6 Road Running Shoe,60.00,4.2,,4.2
Shoes,adidas Women's Puremotion Adapt Running Shoe,42.95,4.4,,4.4
Shoes,K-Swiss Men's ST329 CMF Sneaker,74.95,4.7,,4.7
Shoes,adidas Men's Alphabounce 1 M Running Shoe,71.30,4.6,,4.6
Shoes,"Avia Anchor SR Mesh Slip On Black Non Slip Shoes for Men, Water Resistant Mens Work Shoes & Restaurant or Food Service Sneakers - Med or Wide Comfortable Slip Resistant Work Shoes Men, Safety Footwear",39.98,4.2,,4.2
Shoes,PUMA Men's Grip Fusion Sport Golf Shoe,92.99,4.5,,4.5
Shoes,Blowfish Malibu Women's Chillin Chelsea Boot,31.68,4.3,,4.3
Shoes,Bruno Marc Men's Casual Dress Shoes,39.99,4.4,,4.4
Shoes,Amazon Essentials Women's Casual Slip-On Canvas Flat,14.63,4.0,,4.0
Shoes,Saucony Men's Cohesion 15 Running Shoe,33.16,4.5,,4.5
Shoes,DREAM PAIRS Women's Two Strap Open Toe Low Block Chunky Heels Sandals Dress Pumps Shoes,28.79,4.3,,4.3
Shoes,Skechers Women's Bobs B Cute Sneaker,35.00,4.5,,4.5
Shoes,"DREAM PAIRS Women's Slip on Walking Mules Shoes, Lightweight Non Slip Sneakers with Removable Insole - Breathable Knit Mesh Upper - Platform Casual Mules Flats Indoor Outdoor",28.99,4.2,,4.2
Shoes,Amazon Essentials Men's Derby Shoe,34.60,4.1,,4.1
Shoes,Bruno Marc Men's Dress Tuxedo Shoe Slip-on Classic Patent Leather Loafers,39.99,4.6,,4.6
Shoes,Columbia Men's Tamiami PFG Boat Shoe,80.00,4.5,,4.5
Shoes,DREAM PAIRS Women's Revona Low Wedge Ankle Strap Flats Shoes,39.99,4.3,,4.3
Shoes,Skechers Men's Cessnock Food Service Shoe,45.09,4.5,,4.5
Shoes,Skechers Women's Microburst One up Fashion Sneaker,47.33,4.3,,4.3
Shoes,New Balance Men's Slip Resistant 626 V2 Industrial Shoe,70.26,4.4,,4.4
Shoes,Clarks Women's Cheyn Madi Slip-On Loafer,27.00,4.5,,4.5
Shoes,Skechers Men's Classic Fit-Delson-Camden Sneaker,42.14,4.6,,4.6
Shoes,Lugz Women's Clipper Slip-Resistant Work Shoe Food Service,34.99,4.2,,Price
Shoes,Lugz Women's Clipper Slip-Resistant Work Shoe Food Service,34.99,4.2,,4.2
Shoes,Skechers Men's Nampa-Groton Food Service Shoe,44.99,4.4,,4.4
Shoes,Skechers Men’s Summits High Range Slip-in,75.00,4.6,,4.6
Shoes,adidas Men's Swift Run Sneaker,71.00,4.2,,4.2
Shoes,Bruno Marc Men's Dress Shoes Formal Classic Lace-up Oxfords,25.49,4.4,,4.4
Shoes,Soda Shoes Efron-S Women Flip Flops Basic Plain Slippers Slip On Sandals Slides Casual Peep Toe Beach,19.88,4.2,,4.2
Shoes,Sperry Men's Bahama Ii Boat Shoe,39.69,4.6,,4.6
Shoes,Under Armour Men's Charged Assert 10 Running Shoe,60.51,4.5,,4.5
Shoes,SVNKE Men's Casual Dress Oxfords Shoes Breathable Knit Leisure Fashion Sneakers Lightweight Comfortable Walking Shoes,36.99,4.0,,4.0
Shoes,Shoes: Chocolate for the Feet,9.45,4.5,,4.5
Shoes,Bruno Marc Men's Dress Oxfords Denim Shoes,28.99,4.5,,4.5
Shoes,TOMS Women's Devon Sneaker,36.53,4.4,,4.4
Shoes,Easy Spirit Women's Equinox Mule,37.97,4.4,,4.4
Shoes,Bruno Marc Men's Dress Oxford Shoes Classic Lace Up Formal Cap Toe Shoes,42.99,4.4,,4.4
Shoes,Under Armour Men's Charged Pursuit 3 Running Shoe,59.99,4.4,,4.4
Shoes,Cole Haan Men's Tucker Venetian Slip-On Loafer,84.47,4.3,,4.3
Shoes,Joomra Whitin Men's Supportive Running Shoes Cushioned Lightweight Athletic Sneakers,43.99,4.4,,4.4
Shoes,"Avia Anchor SR Mesh Slip On Black Non Slip Shoes for Women, Comfortable Water Resistant Womens Food Service Sneakers - Black, Blue, or White Med or Wide Restaurant, Slip Resistant Work Shoes Women",39.98,4.1,,4.1
Shoes,"NETGEAR Wi-Fi Range Extender EX3700 - Coverage Up to 1000 Sq Ft and 15 Devices with AC750 Dual Band Wireless Signal Booster & Repeater (Up to 750Mbps Speed), and Compact Wall Plug Design",55.14,3.8,,3.8
Shoes,Blowfish Malibu Sadie,38.40,4.4,,4.4
Shoes,"Vionic Women's Vortex Jolisa Lace Up Knit Athletic Shoes - Ladies Supportive Walking Sneakers That Include Three-Zone Comfort with Orthotic Insole Arch Support, Medium and Wide Fit Sizes 5-12",34.97,3.9,,3.9
Shoes,CAMVAVSR Men's Sneakers Fashion Lightweight Running Shoes Tennis Casual Shoes for Walking,26.99,4.2,,4.2
Shoes,"Avia Flame Slip Resistant Clogs for Women, Slip On Work Shoes for Food Service, Garden, or Nursing",29.98,4.0,,4.0
Shoes,Bruno Marc Men's Oxford Dress Shoes,29.99,4.4,,4.4
Shoes,Cole Haan Men's 2.0 Zerogrand Stitchlite Oxford,70.00,4.6,,4.6
Shoes,ASICS Men's VERSABLAST 2 Running Shoes,39.95,4.5,,4.5
Shoes,Soda WAIT-A ~ Women Open Round Toe Chunky Heel Ankle Strap High Heel Dress Sandals,26.88,4.5,,4.5
Shoes,Amazon Essentials Women's D'Orsay Flat Ballet,24.70,4.0,,4.0
Shoes,Brooks Men's Revel 5 Neutral Running Shoe,59.95,4.6,,4.6
Shoes,WHITIN Men's Do-It-All Slip On Loafers | Foam-Cushioned Footbed | Moc Toe Inspired,22.99,4.4,,4.4
Shoes,Bruno Marc Men's Dress Oxfords,29.99,4.5,,4.5
Shoes,JBU by Jambu Women's Synergy Mesh Water Ready Sneaker,29.50,4.3,,4.3
Shoes,WHITIN Men's Wide Toe Box Barefoot Shoes | Canvas Minimalist Sneakers | Zero Drop Sole,39.99,4.5,,4.5
Shoes,WHITIN Men's Cross-Trainer | Barefoot & Minimalist Shoe | Zero Drop Sole | Wide Toe Box,43.88,4.3,,4.3
Shoes,Hanes Men's Textured Moccasin Slipper,28.99,4.3,,4.3
Shoes,Under Armour Men's Surge 3 Running Shoe,60.51,4.6,,4.6
Shoes,ASICS Women's Upcourt 5 Volleyball Shoes,54.95,4.6,,4.6
Shoes,Blowfish Malibu Women's Clay Canvas Sneaker,32.88,4.3,,4.3
Shoes,WHITIN Men's Wide Toe Box + Zero Drop Sole Road Running Shoes | Rubber Outsole,32.99,4.3,,4.3
Shoes,Hey Dude Women's Wendy Rise Lace Up Loafers,32.50,4.7,,4.7
Shoes,Soda Women's Closed Toe Multi Strap Ankle Bootie,32.17,4.4,,4.4
Smartphones,Google Pixel 4a - Unlocked Android Smartphone - 128 GB of Storage - Up to 24 Hour Battery - Just Black,99.99,4.4,163,Typical:
Smartphones,"SAMSUNG Galaxy A54 5G A Series Cell Phone, Factory Unlocked Android Smartphone, 128GB w/ 6.4” Fluid Display Screen, Hi Res Camera, Long Battery Life, Refined Design, US Version, 2023, Awesome Violet",449.99,4.4,163,163
Smartphones,"SAMSUNG Galaxy A54 5G A Series Cell Phone, Factory Unlocked Android Smartphone, 128GB w/ 6.4” Fluid Display Screen, Hi Res Camera, Long Battery Life, Refined Design, US Version, 2023, Awesome Violet",449.99,4.4,163,163
Smartphones,"Total by Verizon TCL 30 Z, 32GB, Black - Prepaid Smartphone (Locked)",29.88,4.0,206,206
Smartphones,"Total by Verizon TCL 30 Z, 32GB, Black - Prepaid Smartphone (Locked)",29.88,4.0,206,206
Smartphones,Google Pixel 4a - Unlocked Android Smartphone - 128 GB of Storage - Up to 24 Hour Battery - Just Black,314.99,4.5,"10,342",Shop
Smartphones,Google Pixel 4a - Unlocked Android Smartphone - 128 GB of Storage - Up to 24 Hour Battery - Just Black,314.99,4.5,"10,342","10,342"
Smartphones,Samsung Galaxy S20+ 5G 128GB Fully Unlocked Smartphone (Renewed),260.08,4.3,"3,993","3,993"
Smartphones,"Samsung Electronics Galaxy Note 20 Ultra 5G Factory Unlocked Android Cell Phone | US Version | 128GB of Storage | Mobile Gaming Smartphone | Mystic Bronze (Renewed), SM-N986UZNAXAA",339.00,4.1,"3,205","3,205"
Smartphones,Nokia C21 Plus | Android 11 (Go Edition) | Unlocked Smartphone | 2-Day Battery | Dual SIM | 2/64GB | 6.52-Inch Screen | Cyan,99.00,4.2,7,7
Smartphones,Nokia C21 Plus | Android 11 (Go Edition) | Unlocked Smartphone | 2-Day Battery | Dual SIM | 2/64GB | 6.52-Inch Screen | Cyan,99.00,4.2,7,7
Smartphones,"Apple iPhone 12, 64GB, Black - Unlocked (Renewed Premium)",460.00,4.2,"11,607","11,607"
Smartphones,"Apple iPhone 12, 64GB, Black - Unlocked (Renewed Premium)",460.00,4.2,"11,607","11,607"
Smartphones,"Apple iPhone 12 Mini, 64GB, Blue - Unlocked (Renewed)",285.00,4.2,"7,467","7,467"
Smartphones,"Apple iPhone 12 Mini, 64GB, Blue - Unlocked (Renewed)",285.00,4.2,"7,467","7,467"
Smartphones,Moto G 5G | 2022 | 2-Day Battery | Unlocked | Made for US by Motorola | 6/256GB | 50 MP Camera | Moonlight Gray,189.99,4.3,894,894
Smartphones,Moto G 5G | 2022 | 2-Day Battery | Unlocked | Made for US by Motorola | 6/256GB | 50 MP Camera | Moonlight Gray,189.99,4.3,894,894
Smartphones,"Tracfone Samsung Galaxy A03s, 32GB, Black - Prepaid Smartphone (Locked)",49.88,4.2,"1,100","1,100"
Smartphones,"Tracfone Samsung Galaxy A03s, 32GB, Black - Prepaid Smartphone (Locked)",49.88,4.2,"1,100","1,100"
Smartphones,OnePlus 11 5G | 16GB RAM+256GB | Dual-SIM | Titan Black | US Factory Unlocked Android Smartphone | 5000 mAh battery | 80W Fast charging | Hasselblad Camera | 120Hz Fluid Display | 4nm Processor,649.99,4.4,691,691
Smartphones,OnePlus 11 5G | 16GB RAM+256GB | Dual-SIM | Titan Black | US Factory Unlocked Android Smartphone | 5000 mAh battery | 80W Fast charging | Hasselblad Camera | 120Hz Fluid Display | 4nm Processor,649.99,4.4,691,691
Smartphones,"Xgody X60 Android Cell Phone Unlocked, 6 Inch QHD Waterdrop Screen, 2GB RAM+16GB ROM, Dual Sim Slots Smartphone, 5MP+5MP Camera, Facial Unlock, 3000mAh Mobile Phones (Black1)",71.99,5.0,3,3
Smartphones,"Xgody X60 Android Cell Phone Unlocked, 6 Inch QHD Waterdrop Screen, 2GB RAM+16GB ROM, Dual Sim Slots Smartphone, 5MP+5MP Camera, Facial Unlock, 3000mAh Mobile Phones (Black1)",71.99,5.0,3,3
Smartphones,Xiaomi Redmi Note 12s (256GB + 8GB) Global Unlocked (No Warranty) (Tmobile/Metro Tello/Mint USA Market) (w/Fast Car Charger Bundle) (Ice Blue),202.00,4.7,"2,552","2,552"
Smartphones,Xiaomi Redmi Note 12s (256GB + 8GB) Global Unlocked (No Warranty) (Tmobile/Metro Tello/Mint USA Market) (w/Fast Car Charger Bundle) (Ice Blue),202.00,4.7,"2,552","2,552"
Smartphones,"SAMSUNG Galaxy S22 Ultra Cell Phone, Factory Unlocked Android Smartphone, 128GB, 8K Camera, Brightest Display Screen, S Pen, Long Battery Life, Fast 4nm Processor, US Version, 2022, Phantom Black",989.00,4.6,"1,109","1,109"
Smartphones,"SAMSUNG Galaxy S22 Ultra Cell Phone, Factory Unlocked Android Smartphone, 128GB, 8K Camera, Brightest Display Screen, S Pen, Long Battery Life, Fast 4nm Processor, US Version, 2022, Phantom Black",989.00,4.6,"1,109","1,109"
Smartphones,"UMIDIGI A15 Cell Phones (16G+256G), Android 13 Mobile Phone, 64MP Main Camera Octa Core Smartphone Unlocked 6.7” HD+ Full-View Waterdrop Screen, 5000mAh Battery 20W Fast Charging, 4G Dual SIM, GPS/NFC",169.99,5.0,1,1
Smartphones,"UMIDIGI A15 Cell Phones (16G+256G), Android 13 Mobile Phone, 64MP Main Camera Octa Core Smartphone Unlocked 6.7” HD+ Full-View Waterdrop Screen, 5000mAh Battery 20W Fast Charging, 4G Dual SIM, GPS/NFC",169.99,5.0,1,1
Smartphones,"Apple iPhone 12 Pro Max, 128GB, Pacific Blue - Unlocked (Renewed Premium)",681.05,4.4,"1,636","1,636"
Smartphones,"Apple iPhone 12 Pro Max, 128GB, Pacific Blue - Unlocked (Renewed Premium)",681.05,4.4,"1,636","1,636"
Smartphones,"5G Unlocked Cell Phones,6G+256GB Dual Sim Smartphone, C21 Unlocked Mobile Phone with 7.3 inch Waterdrop Screen, Android Phone 24+64 MP | 7300mAh | Fingerprint Lock & Face ID | US Version (rose gold)",169.99,1.0,1,1
Smartphones,"5G Unlocked Cell Phones,6G+256GB Dual Sim Smartphone, C21 Unlocked Mobile Phone with 7.3 inch Waterdrop Screen, Android Phone 24+64 MP | 7300mAh | Fingerprint Lock & Face ID | US Version (rose gold)",169.99,1.0,1,1
Smartphones,"xixaomiro i14Pro Max Unlocked 5G Cellphone Android Smartphone Mobile Phone, 8GB RAM, 512GB ROM 1TB Expandable, 6.8'' FHD Screen, 6000mAh Battery, Dual Sim Card, 48+13MP Camera (Purple)",129.00,3.5,19,19
Smartphones,"xixaomiro i14Pro Max Unlocked 5G Cellphone Android Smartphone Mobile Phone, 8GB RAM, 512GB ROM 1TB Expandable, 6.8'' FHD Screen, 6000mAh Battery, Dual Sim Card, 48+13MP Camera (Purple)",129.00,3.5,19,19
Smartphones,"Apple iPhone 12 Pro Max, 128GB, Gold - Unlocked (Renewed Premium)",699.99,4.5,,4.5
Smartphones,"Apple iPhone 12 Pro Max, 128GB, Gold - Unlocked (Renewed Premium)",699.99,4.5,,4.5
Smartphones,"Apple iPhone 12 Pro Max, 128GB, Gold - Unlocked (Renewed Premium)",699.99,4.5,,4.5
Smartphones,Google Pixel 7-5G Android Phone - Unlocked Smartphone with Wide Angle Lens and 24-Hour Battery - 128GB - Obsidian,449.00,4.3,,4.3
Smartphones,Google Pixel 7-5G Android Phone - Unlocked Smartphone with Wide Angle Lens and 24-Hour Battery - 128GB - Obsidian,449.00,4.3,,4.3
Smartphones,"TCL 30XL Unlocked Cell Phone, 6.82 inch Vast Display, 5000mAh Battery, Android 12 Smartphone, 50MP Rear 13MP Front Camera, 6GB RAM 64GB ROM, US Version, Dual Speaker, LTE 4G Phone, Night Mist",119.99,4.1,,4.1
Smartphones,"TCL 30XL Unlocked Cell Phone, 6.82 inch Vast Display, 5000mAh Battery, Android 12 Smartphone, 50MP Rear 13MP Front Camera, 6GB RAM 64GB ROM, US Version, Dual Speaker, LTE 4G Phone, Night Mist",119.99,4.1,,4.1
Smartphones,"OnePlus Nord N30 5G | Unlocked Dual-SIM Android Smart Phone | 6.7"" LCD Display | 8 +128GB | 5000 mAh Battery | 50W Fast Charging | 108MP Camera | Chromatic Gray",269.99,4.4,,4.4
Smartphones,"OnePlus Nord N30 5G | Unlocked Dual-SIM Android Smart Phone | 6.7"" LCD Display | 8 +128GB | 5000 mAh Battery | 50W Fast Charging | 108MP Camera | Chromatic Gray",269.99,4.4,,4.4
Smartphones,"TCL 40XL 2023 Unlocked Cell Phone 4GB + 128GB, 6.75"" 90Hz Display, Smartphone Android 13, 50MP AI Camera Mobile Phone, 5000 mAh, 4G LTE, US Version, Dark Gray",139.99,4.0,,4.0
Smartphones,"TCL 40XL 2023 Unlocked Cell Phone 4GB + 128GB, 6.75"" 90Hz Display, Smartphone Android 13, 50MP AI Camera Mobile Phone, 5000 mAh, 4G LTE, US Version, Dark Gray",139.99,4.0,,4.0
Smartphones,"ExAchat M13 Pro 5G Unlocked Smartphone, 7.3"" Large Screen Android 13 Phone 6GB+256GB 108MP 7300mAh Dual SIM Cell Phone 5G Fingerprint/Face ID",149.99,4.3,,4.3
Smartphones,"ExAchat M13 Pro 5G Unlocked Smartphone, 7.3"" Large Screen Android 13 Phone 6GB+256GB 108MP 7300mAh Dual SIM Cell Phone 5G Fingerprint/Face ID",149.99,4.3,,4.3
Smartphones,"Total by Verizon Samsung Galaxy A03s, 32GB, Black - Prepaid Smartphone (Locked)",49.88,3.9,,3.9
Smartphones,"Total by Verizon Samsung Galaxy A03s, 32GB, Black - Prepaid Smartphone (Locked)",49.88,3.9,,3.9
Smartphones,"Xiaomi Redmi 12C 4G LTE (128GB + 4GB) Factory Unlocked GSM 6.71"" 50MP Dual Camera (ONLY T-Mobile/Mint USA Market) + (w/Fast Car Charger Bundle) (Graphite Gray)",114.70,4.7,,4.7
Smartphones,"Xiaomi Redmi 12C 4G LTE (128GB + 4GB) Factory Unlocked GSM 6.71"" 50MP Dual Camera (ONLY T-Mobile/Mint USA Market) + (w/Fast Car Charger Bundle) (Graphite Gray)",114.70,4.7,,4.7
Smartphones,"4G Unlocked Cell Phones,6G+256GB Dual Sim Smartphone, C23 Unlocked Mobile Phone with 7.3inch Waterdrop Screen, Android Phone 48+108 MP | 8000mAh | Fingerprint Lock & Face ID | US Version (Black)",169.99,2.8,,2.8
Smartphones,"4G Unlocked Cell Phones,6G+256GB Dual Sim Smartphone, C23 Unlocked Mobile Phone with 7.3inch Waterdrop Screen, Android Phone 48+108 MP | 8000mAh | Fingerprint Lock & Face ID | US Version (Black)",169.99,2.8,,2.8
Smartphones,"Apple iPhone 12 Mini, 64GB, Blue - Unlocked (Renewed Premium)",366.67,4.3,,4.3
Smartphones,"Apple iPhone 12 Mini, 64GB, Blue - Unlocked (Renewed Premium)",366.67,4.3,,4.3
Smartphones,Motorola Moto G Stylus 5G | 2023 | Unlocked | Made for US 6/256GB | 50 MPCamera | Rose Champagne,299.99,4.4,,4.4
Smartphones,Motorola Moto G Stylus 5G | 2023 | Unlocked | Made for US 6/256GB | 50 MPCamera | Rose Champagne,299.99,4.4,,4.4
Smartphones,"Apple iPhone 12, 64GB, Red - Unlocked (Renewed Premium)",449.99,4.2,,4.2
Smartphones,"Apple iPhone 12, 64GB, Red - Unlocked (Renewed Premium)",449.99,4.2,,4.2
Smartphones,"Xiaomi Redmi Note 11 - Smartphone 128GB, 4GB RAM, Dual Sim, Star Blue",159.99,4.4,,4.4
Smartphones,"Xiaomi Redmi Note 11 - Smartphone 128GB, 4GB RAM, Dual Sim, Star Blue",159.99,4.4,,4.4
Smartphones,"Ulefone Rugged Cell Phones 2023, Armor X13 Unlocked Smartphone, 50MP+24MP+8MP Cameras, 12+64GB Storage, 6.52” Screen, 6320mAh, Android 13, NFC,GPS,Dual 4G Volte T-Mobile Rugged Phones(Orange)",169.99,5.0,,5.0
Smartphones,"Ulefone Rugged Cell Phones 2023, Armor X13 Unlocked Smartphone, 50MP+24MP+8MP Cameras, 12+64GB Storage, 6.52” Screen, 6320mAh, Android 13, NFC,GPS,Dual 4G Volte T-Mobile Rugged Phones(Orange)",169.99,5.0,,5.0
Smartphones,"TracFone Moto g Pure (2021), 32GB, Blue - Prepaid Smartphone (Locked/Renewed)",24.99,4.2,,4.2
Smartphones,"TracFone Moto g Pure (2021), 32GB, Blue - Prepaid Smartphone (Locked/Renewed)",24.99,4.2,,4.2
Smartphones,"CUBOT Pocket 4 inch Smartphone Without Contract, Android 11 Mobile Phone, 4GB + 64GB, 128 GB Expandable, 3000mAh Battery, 16MP + 5MP Camera, 4G Dual SIM NFC, GPS, Face ID，Black",149.99,3.9,,3.9
Smartphones,"CUBOT Pocket 4 inch Smartphone Without Contract, Android 11 Mobile Phone, 4GB + 64GB, 128 GB Expandable, 3000mAh Battery, 16MP + 5MP Camera, 4G Dual SIM NFC, GPS, Face ID，Black",149.99,3.9,,3.9
Smartphones,"CUBOT Pocket 4 inch Smartphone Without Contract, Android 11 Mobile Phone, 4GB + 64GB, 128 GB Expandable, 3000mAh Battery, 16MP + 5MP Camera, 4G Dual SIM NFC, GPS, Face ID，Black",149.99,3.9,,3.9
Smartphones,OnePlus 10 Pro | 5G Android Smartphone | 8GB+128GB | U.S. Unlocked | Triple Camera co-Developed with Hasselblad | Volcanic Black,463.63,4.3,,4.3
Smartphones,OnePlus 10 Pro | 5G Android Smartphone | 8GB+128GB | U.S. Unlocked | Triple Camera co-Developed with Hasselblad | Volcanic Black,463.63,4.3,,4.3
Smartphones,Google Pixel 7a - Unlocked Android Cell Phone - Smartphone with Wide Angle Lens and 24-Hour Battery - 128 GB -  Sea,444.00,4.2,,4.2
Smartphones,Google Pixel 7a - Unlocked Android Cell Phone - Smartphone with Wide Angle Lens and 24-Hour Battery - 128 GB -  Sea,444.00,4.2,,4.2
Smartphones,NIEGA Smartphone Unlocked Cell Phones S23 Ultra 6.82in HD Screen The Black Phone 3GB/32GB 6800mAh 128GB Extension Dual Sim Boost Mobile Phones Telefonos Glass Back Cover (Pink),99.99,5.0,,5.0
Smartphones,NIEGA Smartphone Unlocked Cell Phones S23 Ultra 6.82in HD Screen The Black Phone 3GB/32GB 6800mAh 128GB Extension Dual Sim Boost Mobile Phones Telefonos Glass Back Cover (Pink),99.99,5.0,,5.0
Smartphones,Motorola Edge | 2021 | 2-Day battery | Unlocked | Made for US | 8/256GB | 108MP Camera | Nebula Blue,324.99,4.2,,4.2
Smartphones,Motorola Edge | 2021 | 2-Day battery | Unlocked | Made for US | 8/256GB | 108MP Camera | Nebula Blue,324.99,4.2,,4.2
Smartphones,"ONEPLUS Nord N20 5G | Android Smart Phone | 6.43"" AMOLED Display| 6+128GB | U.S. Unlocked | 4500 mAh Battery | 33W Fast Charging | Blue Smoke",208.22,4.2,,4.2
Smartphones,"ONEPLUS Nord N20 5G | Android Smart Phone | 6.43"" AMOLED Display| 6+128GB | U.S. Unlocked | 4500 mAh Battery | 33W Fast Charging | Blue Smoke",208.22,4.2,,4.2
Smartphones,"Motorola Moto G 5G | 2023 | Unlocked | Made for US 4/128GB | 48 MPCamera | Harbor Gray, 163.94x74.98x8.39",199.99,4.3,,4.3
Smartphones,"Motorola Moto G 5G | 2023 | Unlocked | Made for US 4/128GB | 48 MPCamera | Harbor Gray, 163.94x74.98x8.39",199.99,4.3,,4.3
Smartphones,"Total by Verizon BLU View 2, 32GB, Black - Prepaid Smartphone (Locked)",29.99,4.0,,4.0
Smartphones,"Total by Verizon BLU View 2, 32GB, Black - Prepaid Smartphone (Locked)",29.99,4.0,,4.0
Smartphones,"OnePlus Nord N200 | Large 5000mAh Battery | 5G Unlocked Android Smartphone U.S Version | 64GB Storage | 6.49"" Full HD+LCD Screen | 90Hz Smooth Display | Fast Charging | Triple Camera,Blue Quantum",169.99,4.1,,4.1
Smartphones,"OnePlus Nord N200 | Large 5000mAh Battery | 5G Unlocked Android Smartphone U.S Version | 64GB Storage | 6.49"" Full HD+LCD Screen | 90Hz Smooth Display | Fast Charging | Triple Camera,Blue Quantum",169.99,4.1,,4.1
Smartphones,"Xgody X18 4G Unlocked Phones, 6.3 Inch IPS Screen Smartphones, Android 10 OS Dual SIM Cheap Cell Phone, Quad Core 2GB+16GB, Dual 5MP+8MP Camera, 4000mAh Battery, Face ID Smart Phone (Purple)",69.99,3.8,,3.8
Smartphones,"Xgody X18 4G Unlocked Phones, 6.3 Inch IPS Screen Smartphones, Android 10 OS Dual SIM Cheap Cell Phone, Quad Core 2GB+16GB, Dual 5MP+8MP Camera, 4000mAh Battery, Face ID Smart Phone (Purple)",69.99,3.8,,3.8
Smartphones,"FOLOSAFENAR Smartphone,5.45in HD Full Screen Dual Card Dual Standby Mobile Phone,Face Recognition and Fingerprint Unlocking,Light and Fashion",56.59,2.4,,2.4
Smartphones,"FOLOSAFENAR Smartphone,5.45in HD Full Screen Dual Card Dual Standby Mobile Phone,Face Recognition and Fingerprint Unlocking,Light and Fashion",56.59,2.4,,2.4
Smartphones,Samsung Galaxy S20+ 5G 128GB Fully Unlocked Smartphone (Renewed),260.08,4.3,,4.3
Smartphones,Samsung Galaxy S20+ 5G 128GB Fully Unlocked Smartphone (Renewed),260.08,4.3,,4.3
Smartphones,"Apple iPhone 12 Pro, 128GB, Silver - Unlocked (Renewed Premium)",620.00,4.2,,4.2
Smartphones,"Apple iPhone 12 Pro, 128GB, Silver - Unlocked (Renewed Premium)",620.00,4.2,,4.2
Smartphones,"ExAchat C22 Cell Phone Unlocked 5G/4G, 6GB+256GB Android 13 Phone 7.3” FHD+ Display120Hz Smartphone,7300mAh 64MP Camera Dual SIM Phone with Pen/Headset/GPS/Face ID",149.99,1.0,,Price
Smartphones,"ExAchat C22 Cell Phone Unlocked 5G/4G, 6GB+256GB Android 13 Phone 7.3” FHD+ Display120Hz Smartphone,7300mAh 64MP Camera Dual SIM Phone with Pen/Headset/GPS/Face ID",149.99,1.0,,1.0
Smartphones,"ExAchat C22 Cell Phone Unlocked 5G/4G, 6GB+256GB Android 13 Phone 7.3” FHD+ Display120Hz Smartphone,7300mAh 64MP Camera Dual SIM Phone with Pen/Headset/GPS/Face ID",149.99,1.0,,1.0
Smartphones,Nokia C01 Plus | Android 11 (Go Edition) | Unlocked Smartphone | 2-Day Battery | 1/32GB | 6.52-Inch Screen | Dark Blue,77.80,3.6,,3.6
Smartphones,Nokia C01 Plus | Android 11 (Go Edition) | Unlocked Smartphone | 2-Day Battery | 1/32GB | 6.52-Inch Screen | Dark Blue,77.80,3.6,,3.6
Smartphones,"Xiaomi Redmi 9C Smartphone 128GB + 4GB 6.53""HD + Dot Drop Display 5000mAh, Face Recognition AI, 13 MP, Triple Camera (NOT for Verizon Boost Cricket) + (w/Fast Car Charger Bundle) (Midnight Gray)",109.99,4.5,,4.5
Smartphones,"Xiaomi Redmi 9C Smartphone 128GB + 4GB 6.53""HD + Dot Drop Display 5000mAh, Face Recognition AI, 13 MP, Triple Camera (NOT for Verizon Boost Cricket) + (w/Fast Car Charger Bundle) (Midnight Gray)",109.99,4.5,,4.5
video_games,PlayStation 5 Console (PS5),489.99,4.8,,4.8
video_games,Xbox Series X,489.99,4.8,,4.8
video_games,Xbox Series X,489.99,4.8,,4.8
video_games,Meta Quest 2 — Advanced All-In-One Virtual Reality Headset — 128 GB,299.00,4.7,,4.7
video_games,Meta Quest 2 — Advanced All-In-One Virtual Reality Headset — 128 GB,299.00,4.7,,4.7
video_games,Nintendo Switch™ with Neon Blue and Neon Red Joy‑Con™,295.90,4.8,,4.8
video_games,Nintendo Switch™ with Neon Blue and Neon Red Joy‑Con™,295.90,4.8,,4.8
video_games,PlayStation DualSense Wireless Controller – Midnight Black,69.00,4.8,,4.8
video_games,PlayStation DualSense Wireless Controller – Midnight Black,69.00,4.8,,4.8
video_games,Mortal Kombat 1 Premium Edition – PlayStation5,109.99,5.0,,5.0
video_games,Mortal Kombat 1 Premium Edition – PlayStation5,109.99,5.0,,5.0
video_games,Nintendo Switch – OLED Model w/ White Joy-Con,319.99,4.8,,4.8
video_games,Nintendo Switch – OLED Model w/ White Joy-Con,319.99,4.8,,4.8
video_games,"Xbox Wireless Headset – Xbox Series X|S, Xbox One, and Windows Devices",79.48,4.6,,4.6
video_games,"Xbox Wireless Headset – Xbox Series X|S, Xbox One, and Windows Devices",79.48,4.6,,4.6
video_games,Madden NFL 24 - PlayStation 5,69.00,4.0,,4.0
video_games,Madden NFL 24 - PlayStation 5,69.00,4.0,,4.0
video_games,The Legend of Zelda: Tears of the Kingdom - Nintendo Switch (US Version),59.50,4.9,,ESRB
video_games,The Legend of Zelda: Tears of the Kingdom - Nintendo Switch (US Version),59.50,4.9,,ESRB
video_games,The Legend of Zelda: Tears of the Kingdom - Nintendo Switch (US Version),59.50,4.9,,ESRB
video_games,"Microsoft Xbox Series S 512GB Game All-Digital Console + 1 Xbox Wireless1 Controller, White - 1440p Gaming Resolution, 4K Streaming Media Playback, WiFi (Renewed)",269.00,4.5,,4.5
video_games,"Microsoft Xbox Series S 512GB Game All-Digital Console + 1 Xbox Wireless1 Controller, White - 1440p Gaming Resolution, 4K Streaming Media Playback, WiFi (Renewed)",269.00,4.5,,4.5
video_games,Mario Kart 8 Deluxe - US Version,48.12,4.9,,ESRB
video_games,Mario Kart 8 Deluxe - US Version,48.12,4.9,,ESRB
video_games,WD_BLACK 1TB C50 Storage Expansion Card for Xbox Series X|S - Quick Resume - Plug & Play - WDBMPH0010BNC-WCSN,149.99,4.7,,4.7
video_games,WD_BLACK 1TB C50 Storage Expansion Card for Xbox Series X|S - Quick Resume - Plug & Play - WDBMPH0010BNC-WCSN,149.99,4.7,,4.7
video_games,NBA 2K24 Black Mamba Edition - PlayStation 5,99.99,1.6,,1.6
video_games,NBA 2K24 Black Mamba Edition - PlayStation 5,99.99,1.6,,1.6
video_games,Starfield: Standard Edition - Xbox Series X,69.89,3.9,,ESRB
video_games,Starfield: Standard Edition - Xbox Series X,69.89,3.9,,ESRB
video_games,Meta Quest 2 - Advanced All-In-One Virtual Reality Headset - 128 GB (Renewed Premium),269.99,4.6,,4.6
video_games,Meta Quest 2 - Advanced All-In-One Virtual Reality Headset - 128 GB (Renewed Premium),269.99,4.6,,4.6
video_games,Nintendo Switch Lite - Blue,184.75,4.8,,4.8
video_games,Nintendo Switch Lite - Blue,184.75,4.8,,4.8
video_games,Super Smash Bros. Ultimate - US Version,49.70,4.8,,ESRB
video_games,Super Smash Bros. Ultimate - US Version,49.70,4.8,,ESRB
video_games,"HyperX Cloud II - Gaming Headset, 7.1 Surround Sound, Memory Foam Ear Pads, Durable Aluminum Frame, Detachable Microphone, Works with PC, PS5, PS4, Xbox Series X|S, Xbox One – Red",62.98,4.5,,4.5
video_games,"HyperX Cloud II - Gaming Headset, 7.1 Surround Sound, Memory Foam Ear Pads, Durable Aluminum Frame, Detachable Microphone, Works with PC, PS5, PS4, Xbox Series X|S, Xbox One – Red",62.98,4.5,,4.5
video_games,"BENGOO G9000 Stereo Gaming Headset for PS4 PC Xbox One PS5 Controller, Noise Cancelling Over Ear Headphones with Mic, LED Light, Bass Surround, Soft Memory Earmuffs for Laptop Mac Nintendo NES Games",21.99,4.3,,4.3
video_games,"BENGOO G9000 Stereo Gaming Headset for PS4 PC Xbox One PS5 Controller, Noise Cancelling Over Ear Headphones with Mic, LED Light, Bass Surround, Soft Memory Earmuffs for Laptop Mac Nintendo NES Games",21.99,4.3,,4.3
video_games,Sony Official Playstation 5 Dualsense Wireless Controller - Midnight Black (PS5) (PS5),69.00,4.8,,4.8
video_games,Sony Official Playstation 5 Dualsense Wireless Controller - Midnight Black (PS5) (PS5),69.00,4.8,,4.8
video_games,"SteelSeries Arctis Nova Pro Wireless Multi-System Gaming Headset - Premium Hi-Fi Drivers - Active Noise Cancellation - Infinity Power System - Stealth Retractable Mic - PC, PS5/PS4, Switch, Mobile",349.00,4.3,,4.3
video_games,"SteelSeries Arctis Nova Pro Wireless Multi-System Gaming Headset - Premium Hi-Fi Drivers - Active Noise Cancellation - Infinity Power System - Stealth Retractable Mic - PC, PS5/PS4, Switch, Mobile",349.00,4.3,,4.3
video_games,"SteelSeries Arctis Nova Pro Wireless Multi-System Gaming Headset - Premium Hi-Fi Drivers - Active Noise Cancellation - Infinity Power System - Stealth Retractable Mic - PC, PS5/PS4, Switch, Mobile",349.00,4.3,,4.3
video_games,Armored Core VI Fires of Rubicon - PlayStation 5,59.99,4.3,,ESRB
video_games,Armored Core VI Fires of Rubicon - PlayStation 5,59.99,4.3,,ESRB
video_games,"Logitech G PRO X SUPERLIGHT Wireless Gaming Mouse, Ultra-Lightweight, HERO 25K Sensor, 25,600 DPI, 5 Programmable Buttons, Long Battery Life, Compatible with PC / Mac - Black",110.00,4.7,,4.7
video_games,"Logitech G PRO X SUPERLIGHT Wireless Gaming Mouse, Ultra-Lightweight, HERO 25K Sensor, 25,600 DPI, 5 Programmable Buttons, Long Battery Life, Compatible with PC / Mac - Black",110.00,4.7,,4.7
video_games,"GameSir G7 SE Wired Controller for Xbox Series X|S, Xbox One & Windows 10/11, Plug and Play Gaming Gamepad with Hall Effect Joysticks/Hall Trigger, 3.5mm Audio Jack",44.99,4.4,,4.4
video_games,"GameSir G7 SE Wired Controller for Xbox Series X|S, Xbox One & Windows 10/11, Plug and Play Gaming Gamepad with Hall Effect Joysticks/Hall Trigger, 3.5mm Audio Jack",44.99,4.4,,4.4
video_games,"Wireless Keyboard and Mouse Ultra Slim Combo, TopMate 2.4G Silent Compact USB Mouse and Scissor Switch Keyboard Set with Cover, 2 AA and 2 AAA Batteries, for PC/Laptop/Windows/Mac - White",34.77,4.3,,4.3
video_games,"Wireless Keyboard and Mouse Ultra Slim Combo, TopMate 2.4G Silent Compact USB Mouse and Scissor Switch Keyboard Set with Cover, 2 AA and 2 AAA Batteries, for PC/Laptop/Windows/Mac - White",34.77,4.3,,4.3
video_games,Pikmin 4 - Nintendo Switch,58.49,4.8,,ESRB
video_games,Pikmin 4 - Nintendo Switch,58.49,4.8,,ESRB
video_games,Nintendo Switch – OLED Model - The Legend of Zelda: Tears of the Kingdom Edition,358.97,4.8,,4.8
video_games,Nintendo Switch – OLED Model - The Legend of Zelda: Tears of the Kingdom Edition,358.97,4.8,,4.8
video_games,Nintendo Switch Lite - Turquoise,196.99,4.8,,4.8
video_games,Nintendo Switch Lite - Turquoise,196.99,4.8,,4.8
video_games,DualShock 4 Wireless Controller for PlayStation 4 - Jet Black,58.99,4.7,,ESRB
video_games,DualShock 4 Wireless Controller for PlayStation 4 - Jet Black,58.99,4.7,,ESRB
video_games,"PowerA Wired Controller For Xbox Series X|S - Black, Gamepad, Video Game Controller Works with Xbox One",26.88,4.2,,4.2
video_games,"PowerA Wired Controller For Xbox Series X|S - Black, Gamepad, Video Game Controller Works with Xbox One",26.88,4.2,,4.2
video_games,Nintendo Switch Lite - Coral,198.49,4.8,,4.8
video_games,Nintendo Switch Lite - Coral,198.49,4.8,,4.8
video_games,Pokémon Violet - US Version,59.88,4.7,,ESRB
video_games,Pokémon Violet - US Version,59.88,4.7,,ESRB
video_games,Pokémon Violet - US Version,59.88,4.7,,ESRB
video_games,"PS5 Charging Station, Playstation 5 PS5 Controller Charger Station with 2 Pack Fast Charging Cords Replacement for Sony DualSense Controller, OIVO PS5 Remote Control Charger, Charging Docking Station",19.99,4.6,,4.6
video_games,"PS5 Charging Station, Playstation 5 PS5 Controller Charger Station with 2 Pack Fast Charging Cords Replacement for Sony DualSense Controller, OIVO PS5 Remote Control Charger, Charging Docking Station",19.99,4.6,,4.6
video_games,Final Fantasy XVI - PlayStation 5,49.99,4.6,,ESRB
video_games,Final Fantasy XVI - PlayStation 5,49.99,4.6,,ESRB
video_games,PlayStation PULSE 3D Wireless Headset,98.95,4.7,,ESRB
video_games,PlayStation PULSE 3D Wireless Headset,98.95,4.7,,ESRB
video_games,Nintendo Switch Sports - Nintendo Switch,43.64,4.7,,ESRB
video_games,Nintendo Switch Sports - Nintendo Switch,43.64,4.7,,ESRB
video_games,"Logitech G29 Driving Force Racing Wheel and Floor Pedals, Real Force Feedback, Stainless Steel Paddle Shifters, Leather Steering Wheel Cover for PS5, PS4, PC, Mac - Black",290.95,4.7,,4.7
video_games,"Logitech G29 Driving Force Racing Wheel and Floor Pedals, Real Force Feedback, Stainless Steel Paddle Shifters, Leather Steering Wheel Cover for PS5, PS4, PC, Mac - Black",290.95,4.7,,4.7
video_games,"Cronus Zen Controller Emulator for Xbox, Playstation, Nintendo and PC (CM00053)",99.95,3.8,,Bluetooth
video_games,"Cronus Zen Controller Emulator for Xbox, Playstation, Nintendo and PC (CM00053)",99.95,3.8,,Bluetooth
video_games,Razer DeathAdder Essential Gaming Mouse: 6400 DPI Optical Sensor - 5 Programmable Buttons - Mechanical Switches - Rubber Side Grips - Classic Black,24.42,4.5,,4.5
video_games,Razer DeathAdder Essential Gaming Mouse: 6400 DPI Optical Sensor - 5 Programmable Buttons - Mechanical Switches - Rubber Side Grips - Classic Black,24.42,4.5,,4.5
video_games,Animal Crossing: New Horizons - US Version,50.70,4.8,,ESRB
video_games,Animal Crossing: New Horizons - US Version,50.70,4.8,,ESRB
video_games,"Logitech G502 Lightspeed Wireless Gaming Mouse with Hero 25K Sensor, PowerPlay Compatible, Tunable Weights and Lightsync RGB - Black",92.49,4.7,,4.7
video_games,"Logitech G502 Lightspeed Wireless Gaming Mouse with Hero 25K Sensor, PowerPlay Compatible, Tunable Weights and Lightsync RGB - Black",92.49,4.7,,4.7
video_games,Nintendo Neon Purple/ Neon Orange Joy-Con (L-R) - Switch,78.99,4.8,,ESRB
video_games,Nintendo Neon Purple/ Neon Orange Joy-Con (L-R) - Switch,78.99,4.8,,ESRB
video_games,"SteelSeries New Arctis Nova 7X Multi-Platform Gaming & Mobile Headset — Nova Acoustic System — Simultaneous Wireless 2.4GHz + Bluetooth — 38Hr Battery — USB-C — Xbox, PC, PS, Switch, Mobile",179.99,4.1,,4.1
video_games,"SteelSeries New Arctis Nova 7X Multi-Platform Gaming & Mobile Headset — Nova Acoustic System — Simultaneous Wireless 2.4GHz + Bluetooth — 38Hr Battery — USB-C — Xbox, PC, PS, Switch, Mobile",179.99,4.1,,4.1
video_games,"PS5 Controller Charger Station with Fast Charging AC Adapter 5V/3A, Dual Controller Charging Stand for Playstation 5, Docking Station Replacement for DualSense Charging Station",18.74,4.7,,4.7
video_games,"PS5 Controller Charger Station with Fast Charging AC Adapter 5V/3A, Dual Controller Charging Stand for Playstation 5, Docking Station Replacement for DualSense Charging Station",18.74,4.7,,4.7
