First Name,Surname,Full_Name,Department,Gender,Salary,employee_bonus,Total Compensation
Isabella,Garcia,Isabella Garcia,Marketing,Female,108268,10826.800000000001,119094.8
David,Garcia,David Garcia,Marketing,Male,83567,8356.7,91923.70000000001
Isabella,Smith,Isabella Smith,Marketing,Female,82613,8261.300000000001,90874.3
Jane,Jones,Jane Jones,HR,Female,85891,8589.1,94480.1
Emma,Wilson,Emma Wilson,Finance,Female,61243,6124.3,67367.3
Michael,Smith,Michael Smith,Marketing,Male,135939,13593.900000000001,149532.90000000002
David,Jones,David Jones,Sales,Male,137639,13763.900000000001,151402.90000000002
Isabella,Miller,Isabella Miller,Marketing,Female,81993,8199.300000000001,90192.3
Sophia,Garcia,Sophia Garcia,HR,Female,126293,12629.300000000001,138922.30000000002
David,Williams,David Williams,Finance,Male,95026,9502.6,104528.6
Isabella,Jones,Isabella Jones,Finance,Female,120471,12047.1,132518.1
David,Taylor,David Taylor,Marketing,Male,120966,12096.6,133062.6
Jane,Garcia,Jane Garcia,Marketing,Female,88600,8860.0,97460.00000000001
Michael,Miller,Michael Miller,Sales,Male,79512,7951.200000000001,87463.20000000001
Sophia,Smith,Sophia Smith,Finance,Female,92620,9262.0,101882.00000000001
Michael,Jones,Michael Jones,Finance,Male,120186,12018.6,132204.6
Emma,Taylor,Emma Taylor,Finance,Female,57089,5708.900000000001,62797.9
Isabella,Jones,Isabella Jones,Engineering,Female,72230,7223.0,79453.0
Sophia,Smith,Sophia Smith,Finance,Female,58983,5898.3,64881.3
Daniel,Williams,Daniel Williams,Finance,Male,148631,14863.1,163494.1
Daniel,Miller,Daniel Miller,Sales,Male,129688,12968.800000000001,142656.80000000002
Michael,Miller,Michael Miller,Sales,Male,141201,14120.1,155321.1
Emma,Brown,Emma Brown,HR,Female,122457,12245.7,134702.7
Daniel,Smith,Daniel Smith,Sales,Male,133005,13300.5,146305.5
John,Smith,John Smith,Finance,Male,144520,14452.0,158972.0
Matthew,Johnson,Matthew Johnson,Finance,Male,46921,4692.1,51613.100000000006
John,Taylor,John Taylor,Finance,Male,78804,7880.400000000001,86684.40000000001
Sophia,Taylor,Sophia Taylor,Sales,Female,107699,10769.900000000001,118468.90000000001
Daniel,Williams,Daniel Williams,Marketing,Male,110608,11060.800000000001,121668.8
Olivia,Johnson,Olivia Johnson,Engineering,Female,77619,7761.900000000001,85380.90000000001
Isabella,Smith,Isabella Smith,HR,Female,47877,4787.7,52664.700000000004
Daniel,Johnson,Daniel Johnson,Marketing,Male,123966,12396.6,136362.6
Olivia,Davis,Olivia Davis,Engineering,Female,41871,4187.1,46058.100000000006
Michael,Brown,Michael Brown,Sales,Male,113135,11313.5,124448.50000000001
Sophia,Jones,Sophia Jones,HR,Female,42496,4249.6,46745.600000000006
Jane,Brown,Jane Brown,HR,Female,87954,8795.4,96749.40000000001
Isabella,Davis,Isabella Davis,Sales,Female,64675,6467.5,71142.5
Michael,Jones,Michael Jones,Marketing,Male,148504,14850.400000000001,163354.40000000002
Michael,Williams,Michael Williams,Engineering,Male,71921,7192.1,79113.1
Olivia,Brown,Olivia Brown,Finance,Female,139059,13905.900000000001,152964.90000000002
Daniel,Davis,Daniel Davis,Finance,Male,40797,4079.7000000000003,44876.700000000004
David,Brown,David Brown,Engineering,Male,89811,8981.1,98792.1
Michael,Brown,Michael Brown,Finance,Male,108755,10875.5,119630.50000000001
Michael,Wilson,Michael Wilson,Marketing,Male,120782,12078.2,132860.2
Jane,Johnson,Jane Johnson,Sales,Female,130535,13053.5,143588.5
John,Brown,John Brown,Finance,Male,121857,12185.7,134042.7
Isabella,Brown,Isabella Brown,Sales,Female,92489,9248.9,101737.90000000001
John,Johnson,John Johnson,Finance,Male,124665,12466.5,137131.5
Michael,Miller,Michael Miller,Finance,Male,81504,8150.400000000001,89654.40000000001
Matthew,Brown,Matthew Brown,HR,Male,89866,8986.6,98852.6
Emma,Davis,Emma Davis,Finance,Female,124212,12421.2,136633.2
John,Jones,John Jones,HR,Male,136766,13676.6,150442.6
Matthew,Wilson,Matthew Wilson,Engineering,Male,51723,5172.3,56895.3
Matthew,Miller,Matthew Miller,Finance,Male,83890,8389.0,92279.00000000001
Jane,Garcia,Jane Garcia,Finance,Female,57591,5759.1,63350.100000000006
John,Johnson,John Johnson,Finance,Male,98146,9814.6,107960.6
Olivia,Wilson,Olivia Wilson,HR,Female,148672,14867.2,163539.2
Matthew,Williams,Matthew Williams,Finance,Male,132288,13228.800000000001,145516.80000000002
Michael,Smith,Michael Smith,Marketing,Male,99300,9930.0,109230.00000000001
Emma,Smith,Emma Smith,Engineering,Female,129141,12914.1,142055.1
Olivia,Jones,Olivia Jones,Sales,Female,111557,11155.7,122712.70000000001
Emma,Williams,Emma Williams,Sales,Female,60006,6000.6,66006.6
Matthew,Johnson,Matthew Johnson,HR,Male,43560,4356.0,47916.00000000001
Daniel,Williams,Daniel Williams,Engineering,Male,130868,13086.800000000001,143954.80000000002
David,Williams,David Williams,Engineering,Male,101713,10171.300000000001,111884.3
Daniel,Brown,Daniel Brown,Sales,Male,136591,13659.1,150250.1
Emma,Jones,Emma Jones,HR,Female,85444,8544.4,93988.40000000001
Daniel,Garcia,Daniel Garcia,Marketing,Male,86522,8652.2,95174.20000000001
Michael,Miller,Michael Miller,Engineering,Male,126904,12690.400000000001,139594.40000000002
Daniel,Johnson,Daniel Johnson,Sales,Male,60737,6073.700000000001,66810.70000000001
Olivia,Brown,Olivia Brown,Marketing,Female,68647,6864.700000000001,75511.70000000001
Olivia,Johnson,Olivia Johnson,Marketing,Female,101353,10135.300000000001,111488.3
Isabella,Smith,Isabella Smith,Marketing,Female,132217,13221.7,145438.7
David,Johnson,David Johnson,Finance,Male,120163,12016.300000000001,132179.30000000002
Daniel,Jones,Daniel Jones,Marketing,Male,52134,5213.400000000001,57347.4
Olivia,Smith,Olivia Smith,Marketing,Female,100535,10053.5,110588.50000000001
Jane,Williams,Jane Williams,Sales,Female,87883,8788.300000000001,96671.3
Emma,Johnson,Emma Johnson,HR,Female,146926,14692.6,161618.6
Emma,Brown,Emma Brown,Finance,Female,126107,12610.7,138717.7
Matthew,Johnson,Matthew Johnson,Sales,Male,103360,10336.0,113696.00000000001
Isabella,Jones,Isabella Jones,Sales,Female,91811,9181.1,100992.1
Olivia,Garcia,Olivia Garcia,Marketing,Female,49781,4978.1,54759.100000000006
Olivia,Miller,Olivia Miller,Finance,Female,59340,5934.0,65274.00000000001
Daniel,Davis,Daniel Davis,HR,Male,67257,6725.700000000001,73982.70000000001
John,Taylor,John Taylor,HR,Male,56298,5629.8,61927.8
Isabella,Williams,Isabella Williams,Sales,Female,52372,5237.200000000001,57609.200000000004
Sophia,Miller,Sophia Miller,Finance,Female,44420,4442.0,48862.00000000001
Olivia,Williams,Olivia Williams,Sales,Female,145412,14541.2,159953.2
Jane,Williams,Jane Williams,Sales,Female,122991,12299.1,135290.1
Olivia,Johnson,Olivia Johnson,HR,Female,102079,10207.900000000001,112286.90000000001
Daniel,Brown,Daniel Brown,HR,Male,119860,11986.0,131846.0
Daniel,Wilson,Daniel Wilson,Sales,Male,143555,14355.5,157910.5
Matthew,Brown,Matthew Brown,HR,Male,47012,4701.2,51713.200000000004
Sophia,Smith,Sophia Smith,HR,Female,49396,4939.6,54335.600000000006
Olivia,Garcia,Olivia Garcia,Marketing,Female,43918,4391.8,48309.8
Emma,Brown,Emma Brown,Marketing,Female,49359,4935.900000000001,54294.9
Michael,Wilson,Michael Wilson,Engineering,Male,84259,8425.9,92684.90000000001
Isabella,Williams,Isabella Williams,Engineering,Female,63482,6348.200000000001,69830.20000000001
Isabella,Jones,Isabella Jones,Sales,Female,55127,5512.700000000001,60639.700000000004
Emma,Brown,Emma Brown,Sales,Female,149263,14926.300000000001,164189.30000000002
Michael,Johnson,Michael Johnson,Sales,Male,141261,14126.1,155387.1
Olivia,Davis,Olivia Davis,Sales,Female,77237,7723.700000000001,84960.70000000001
David,Miller,David Miller,HR,Male,119701,11970.1,131671.1
Jane,Wilson,Jane Wilson,Engineering,Female,48752,4875.2,53627.200000000004
Olivia,Jones,Olivia Jones,Sales,Female,148101,14810.1,162911.1
Matthew,Brown,Matthew Brown,Marketing,Male,120041,12004.1,132045.1
Emma,Davis,Emma Davis,HR,Female,111331,11133.1,122464.1
Olivia,Miller,Olivia Miller,Engineering,Female,90624,9062.4,99686.40000000001
Matthew,Brown,Matthew Brown,HR,Male,129183,12918.300000000001,142101.30000000002
David,Garcia,David Garcia,Finance,Male,80133,8013.3,88146.3
Jane,Wilson,Jane Wilson,Sales,Female,133790,13379.0,147169.0
Sophia,Wilson,Sophia Wilson,Marketing,Female,146752,14675.2,161427.2
Matthew,Brown,Matthew Brown,Engineering,Male,95153,9515.300000000001,104668.3
Jane,Garcia,Jane Garcia,HR,Female,142066,14206.6,156272.6
Michael,Wilson,Michael Wilson,Engineering,Male,102756,10275.6,113031.6
Jane,Miller,Jane Miller,Finance,Female,130928,13092.800000000001,144020.80000000002
Jane,Garcia,Jane Garcia,Marketing,Female,121757,12175.7,133932.7
Sophia,Williams,Sophia Williams,HR,Female,124355,12435.5,136790.5
Olivia,Garcia,Olivia Garcia,Finance,Female,139938,13993.800000000001,153931.80000000002
John,Wilson,John Wilson,Marketing,Male,88682,8868.2,97550.20000000001
David,Smith,David Smith,Sales,Male,106509,10650.900000000001,117159.90000000001
Jane,Garcia,Jane Garcia,Engineering,Female,126384,12638.400000000001,139022.40000000002
Jane,Jones,Jane Jones,Finance,Female,115751,11575.1,127326.1
Daniel,Wilson,Daniel Wilson,Engineering,Male,116693,11669.300000000001,128362.30000000002
Daniel,Jones,Daniel Jones,Engineering,Male,64777,6477.700000000001,71254.70000000001
John,Jones,John Jones,Finance,Male,53824,5382.400000000001,59206.4
Michael,Smith,Michael Smith,Finance,Male,42418,4241.8,46659.8
Emma,Jones,Emma Jones,HR,Female,52843,5284.3,58127.3
Sophia,Wilson,Sophia Wilson,Marketing,Female,118778,11877.800000000001,130655.80000000002
Isabella,Smith,Isabella Smith,Sales,Female,76223,7622.3,83845.3
Michael,Smith,Michael Smith,Marketing,Male,101570,10157.0,111727.00000000001
David,Jones,David Jones,Sales,Male,46521,4652.1,51173.100000000006
Isabella,Garcia,Isabella Garcia,Sales,Female,128162,12816.2,140978.2
John,Brown,John Brown,HR,Male,96894,9689.4,106583.40000000001
Daniel,Garcia,Daniel Garcia,Marketing,Male,114659,11465.900000000001,126124.90000000001
Isabella,Garcia,Isabella Garcia,Finance,Female,136990,13699.0,150689.0
Michael,Williams,Michael Williams,Engineering,Male,148483,14848.300000000001,163331.30000000002
David,Williams,David Williams,HR,Male,54254,5425.400000000001,59679.4
Sophia,Johnson,Sophia Johnson,HR,Female,91939,9193.9,101132.90000000001
Emma,Garcia,Emma Garcia,HR,Female,129236,12923.6,142159.6
John,Smith,John Smith,Finance,Male,77073,7707.3,84780.3
Olivia,Garcia,Olivia Garcia,Engineering,Female,143835,14383.5,158218.5
David,Miller,David Miller,Sales,Male,63310,6331.0,69641.0
John,Taylor,John Taylor,Finance,Male,71785,7178.5,78963.5
Michael,Garcia,Michael Garcia,Marketing,Male,104570,10457.0,115027.00000000001
Emma,Johnson,Emma Johnson,Marketing,Female,120577,12057.7,132634.7
Jane,Johnson,Jane Johnson,Finance,Female,96356,9635.6,105991.6
Sophia,Williams,Sophia Williams,HR,Female,63306,6330.6,69636.6
Jane,Jones,Jane Jones,Finance,Female,76950,7695.0,84645.0
Emma,Johnson,Emma Johnson,Engineering,Female,118696,11869.6,130565.6
David,Jones,David Jones,Sales,Male,132171,13217.1,145388.1
Jane,Miller,Jane Miller,Sales,Female,138611,13861.1,152472.1
Sophia,Wilson,Sophia Wilson,Sales,Female,118928,11892.800000000001,130820.80000000002
David,Williams,David Williams,Sales,Male,119904,11990.400000000001,131894.40000000002
John,Johnson,John Johnson,HR,Male,110838,11083.800000000001,121921.8
Michael,Davis,Michael Davis,Marketing,Male,73920,7392.0,81312.0
Sophia,Brown,Sophia Brown,Marketing,Female,128870,12887.0,141757.0
David,Smith,David Smith,Finance,Male,146771,14677.1,161448.1
John,Brown,John Brown,Sales,Male,143598,14359.800000000001,157957.80000000002
Michael,Taylor,Michael Taylor,Marketing,Male,140796,14079.6,154875.6
Daniel,Miller,Daniel Miller,Engineering,Male,132648,13264.800000000001,145912.80000000002
Isabella,Johnson,Isabella Johnson,Finance,Female,119128,11912.800000000001,131040.80000000002
Michael,Brown,Michael Brown,HR,Male,130749,13074.900000000001,143823.90000000002
David,Garcia,David Garcia,Marketing,Male,73538,7353.8,80891.8
Isabella,Johnson,Isabella Johnson,Sales,Female,121411,12141.1,133552.1
Isabella,Johnson,Isabella Johnson,HR,Female,48286,4828.6,53114.600000000006
Olivia,Garcia,Olivia Garcia,Engineering,Female,149794,14979.400000000001,164773.40000000002
David,Taylor,David Taylor,Engineering,Male,144299,14429.900000000001,158728.90000000002
David,Jones,David Jones,Engineering,Male,58728,5872.8,64600.8
Isabella,Williams,Isabella Williams,HR,Female,53640,5364.0,59004.00000000001
Matthew,Smith,Matthew Smith,Marketing,Male,108627,10862.7,119489.70000000001
Jane,Brown,Jane Brown,Marketing,Female,85663,8566.300000000001,94229.3
Olivia,Williams,Olivia Williams,Sales,Female,43912,4391.2,48303.200000000004
Sophia,Jones,Sophia Jones,HR,Female,90586,9058.6,99644.6
John,Smith,John Smith,Marketing,Male,112130,11213.0,123343.00000000001
Jane,Smith,Jane Smith,Finance,Female,61752,6175.200000000001,67927.20000000001
Emma,Taylor,Emma Taylor,Sales,Female,99715,9971.5,109686.50000000001
Isabella,Brown,Isabella Brown,Marketing,Female,129068,12906.800000000001,141974.80000000002
Michael,Wilson,Michael Wilson,Finance,Male,47997,4799.7,52796.700000000004
Matthew,Brown,Matthew Brown,Sales,Male,93006,9300.6,102306.6
Michael,Smith,Michael Smith,Engineering,Male,80800,8080.0,88880.0
David,Jones,David Jones,Engineering,Male,55620,5562.0,61182.00000000001
Matthew,Jones,Matthew Jones,Finance,Male,146435,14643.5,161078.5
Michael,Smith,Michael Smith,Engineering,Male,110381,11038.1,121419.1
Isabella,Williams,Isabella Williams,Finance,Female,132299,13229.900000000001,145528.90000000002
Matthew,Miller,Matthew Miller,Sales,Male,94268,9426.800000000001,103694.8
Sophia,Miller,Sophia Miller,Marketing,Female,149142,14914.2,164056.2
Matthew,Wilson,Matthew Wilson,Sales,Male,109069,10906.900000000001,119975.90000000001
Michael,Williams,Michael Williams,Finance,Male,108473,10847.300000000001,119320.3
Emma,Garcia,Emma Garcia,HR,Female,131757,13175.7,144932.7
Emma,Brown,Emma Brown,HR,Female,143243,14324.300000000001,157567.30000000002
Daniel,Davis,Daniel Davis,Finance,Male,82512,8251.2,90763.20000000001
John,Johnson,John Johnson,Engineering,Male,59608,5960.8,65568.8
Emma,Smith,Emma Smith,Finance,Female,110557,11055.7,121612.70000000001
Daniel,Williams,Daniel Williams,Marketing,Male,132309,13230.900000000001,145539.90000000002
Emma,Williams,Emma Williams,Sales,Female,139438,13943.800000000001,153381.80000000002
Isabella,Miller,Isabella Miller,Finance,Female,147984,14798.400000000001,162782.40000000002
Daniel,Miller,Daniel Miller,Marketing,Male,57340,5734.0,63074.00000000001
Emma,Johnson,Emma Johnson,HR,Female,41913,4191.3,46104.3
Michael,Williams,Michael Williams,Finance,Male,92086,9208.6,101294.6
Michael,Wilson,Michael Wilson,Engineering,Male,53429,5342.900000000001,58771.9
Michael,Garcia,Michael Garcia,Finance,Male,53907,5390.700000000001,59297.700000000004
Daniel,Brown,Daniel Brown,HR,Male,75489,7548.900000000001,83037.90000000001
David,Garcia,David Garcia,Marketing,Male,50088,5008.8,55096.8
Daniel,Brown,Daniel Brown,Finance,Male,55588,5558.8,61146.8
John,Johnson,John Johnson,Finance,Male,78395,7839.5,86234.5
David,Smith,David Smith,Engineering,Male,100155,10015.5,110170.50000000001
Isabella,Johnson,Isabella Johnson,Finance,Female,78214,7821.400000000001,86035.40000000001
Michael,Smith,Michael Smith,Sales,Male,40469,4046.9,44515.9
Jane,Wilson,Jane Wilson,Finance,Female,83295,8329.5,91624.50000000001
Daniel,Wilson,Daniel Wilson,Marketing,Male,114253,11425.300000000001,125678.3
Jane,Miller,Jane Miller,Sales,Female,74488,7448.8,81936.8
Sophia,Brown,Sophia Brown,Engineering,Female,78040,7804.0,85844.0
Olivia,Brown,Olivia Brown,Marketing,Female,56975,5697.5,62672.50000000001
Daniel,Johnson,Daniel Johnson,Engineering,Male,144489,14448.900000000001,158937.90000000002
Jane,Smith,Jane Smith,Finance,Female,55912,5591.200000000001,61503.200000000004
Daniel,Davis,Daniel Davis,Finance,Male,68086,6808.6,74894.6
Daniel,Johnson,Daniel Johnson,Finance,Male,122127,12212.7,134339.7
Daniel,Davis,Daniel Davis,HR,Male,55115,5511.5,60626.50000000001
Daniel,Taylor,Daniel Taylor,HR,Male,119983,11998.300000000001,131981.30000000002
Michael,Miller,Michael Miller,HR,Male,92573,9257.300000000001,101830.3
Olivia,Garcia,Olivia Garcia,Sales,Female,134201,13420.1,147621.1
Michael,Smith,Michael Smith,HR,Male,104223,10422.300000000001,114645.3
Michael,Johnson,Michael Johnson,Finance,Male,148406,14840.6,163246.6
Emma,Jones,Emma Jones,Finance,Female,51052,5105.200000000001,56157.200000000004
Michael,Taylor,Michael Taylor,Engineering,Male,55741,5574.1,61315.100000000006
Isabella,Miller,Isabella Miller,Marketing,Female,97368,9736.800000000001,107104.8
Emma,Johnson,Emma Johnson,Marketing,Female,134275,13427.5,147702.5
Matthew,Davis,Matthew Davis,Sales,Male,83986,8398.6,92384.6
Olivia,Miller,Olivia Miller,Marketing,Female,45103,4510.3,49613.3
David,Jones,David Jones,Sales,Male,75050,7505.0,82555.0
Olivia,Jones,Olivia Jones,Engineering,Female,41740,4174.0,45914.00000000001
Jane,Jones,Jane Jones,Finance,Female,95270,9527.0,104797.00000000001
Olivia,Garcia,Olivia Garcia,Finance,Female,52579,5257.900000000001,57836.9
Matthew,Williams,Matthew Williams,Sales,Male,111382,11138.2,122520.20000000001
Michael,Williams,Michael Williams,HR,Male,87805,8780.5,96585.50000000001
Isabella,Davis,Isabella Davis,Engineering,Female,60165,6016.5,66181.5
Isabella,Miller,Isabella Miller,Finance,Female,42775,4277.5,47052.50000000001
Olivia,Brown,Olivia Brown,Finance,Female,124523,12452.300000000001,136975.30000000002
Daniel,Smith,Daniel Smith,Engineering,Male,70752,7075.200000000001,77827.20000000001
David,Wilson,David Wilson,Sales,Male,129099,12909.900000000001,142008.90000000002
John,Wilson,John Wilson,HR,Male,119464,11946.400000000001,131410.40000000002
Matthew,Johnson,Matthew Johnson,Sales,Male,111892,11189.2,123081.20000000001
Olivia,Wilson,Olivia Wilson,Engineering,Female,73930,7393.0,81323.0
Olivia,Garcia,Olivia Garcia,Marketing,Female,86774,8677.4,95451.40000000001
Olivia,Miller,Olivia Miller,Sales,Female,68651,6865.1,75516.1
Jane,Garcia,Jane Garcia,Marketing,Female,102885,10288.5,113173.50000000001
John,Taylor,John Taylor,Engineering,Male,55997,5599.700000000001,61596.700000000004
John,Jones,John Jones,Marketing,Male,105180,10518.0,115698.00000000001
John,Smith,John Smith,Finance,Male,138927,13892.7,152819.7
John,Garcia,John Garcia,Marketing,Male,137768,13776.800000000001,151544.80000000002
John,Williams,John Williams,HR,Male,114498,11449.800000000001,125947.8
Sophia,Brown,Sophia Brown,HR,Female,103003,10300.300000000001,113303.3
Daniel,Taylor,Daniel Taylor,Engineering,Male,125971,12597.1,138568.1
Emma,Miller,Emma Miller,HR,Female,74009,7400.900000000001,81409.90000000001
Olivia,Jones,Olivia Jones,Marketing,Female,83671,8367.1,92038.1
David,Smith,David Smith,Finance,Male,109939,10993.900000000001,120932.90000000001
Emma,Jones,Emma Jones,Engineering,Female,57582,5758.200000000001,63340.200000000004
David,Miller,David Miller,Sales,Male,69844,6984.400000000001,76828.40000000001
Olivia,Wilson,Olivia Wilson,Finance,Female,124917,12491.7,137408.7
Jane,Johnson,Jane Johnson,Sales,Female,78429,7842.900000000001,86271.90000000001
Emma,Jones,Emma Jones,Engineering,Female,121475,12147.5,133622.5
Daniel,Wilson,Daniel Wilson,Sales,Male,116323,11632.300000000001,127955.30000000002
Sophia,Smith,Sophia Smith,Finance,Female,122727,12272.7,134999.7
David,Johnson,David Johnson,HR,Male,100809,10080.900000000001,110889.90000000001
John,Johnson,John Johnson,Engineering,Male,42121,4212.1,46333.100000000006
John,Wilson,John Wilson,HR,Male,85353,8535.300000000001,93888.3
Sophia,Taylor,Sophia Taylor,HR,Female,129987,12998.7,142985.7
Emma,Jones,Emma Jones,HR,Female,43886,4388.6,48274.600000000006
Emma,Taylor,Emma Taylor,Finance,Female,81690,8169.0,89859.0
John,Smith,John Smith,Marketing,Male,127986,12798.6,140784.6
John,Brown,John Brown,HR,Male,120748,12074.800000000001,132822.80000000002
Isabella,Smith,Isabella Smith,Marketing,Female,115523,11552.300000000001,127075.30000000002
David,Garcia,David Garcia,Engineering,Male,122119,12211.900000000001,134330.90000000002
David,Smith,David Smith,Sales,Male,139751,13975.1,153726.1
Olivia,Wilson,Olivia Wilson,HR,Female,45181,4518.1,49699.100000000006
Matthew,Johnson,Matthew Johnson,Marketing,Male,83349,8334.9,91683.90000000001
Matthew,Williams,Matthew Williams,Engineering,Male,116578,11657.800000000001,128235.80000000002
John,Wilson,John Wilson,Finance,Male,82914,8291.4,91205.40000000001
Jane,Miller,Jane Miller,Engineering,Female,110744,11074.400000000001,121818.40000000001
Olivia,Wilson,Olivia Wilson,Finance,Female,111713,11171.300000000001,122884.3
Isabella,Williams,Isabella Williams,Sales,Female,103720,10372.0,114092.00000000001
Isabella,Johnson,Isabella Johnson,Sales,Female,110399,11039.900000000001,121438.90000000001
Daniel,Brown,Daniel Brown,Marketing,Male,87394,8739.4,96133.40000000001
Jane,Miller,Jane Miller,Finance,Female,113925,11392.5,125317.50000000001
David,Smith,David Smith,Finance,Male,40894,4089.4,44983.4
John,Williams,John Williams,Sales,Male,103413,10341.300000000001,113754.3
David,Miller,David Miller,Engineering,Male,88208,8820.800000000001,97028.8
Sophia,Wilson,Sophia Wilson,Engineering,Female,70142,7014.200000000001,77156.20000000001
Sophia,Davis,Sophia Davis,Marketing,Female,72904,7290.400000000001,80194.40000000001
Sophia,Williams,Sophia Williams,Sales,Female,66813,6681.3,73494.3
Daniel,Garcia,Daniel Garcia,Sales,Male,79041,7904.1,86945.1
Michael,Garcia,Michael Garcia,HR,Male,99601,9960.1,109561.1
Daniel,Johnson,Daniel Johnson,Marketing,Male,131504,13150.400000000001,144654.40000000002
John,Wilson,John Wilson,Sales,Male,119224,11922.400000000001,131146.40000000002
Michael,Jones,Michael Jones,HR,Male,108955,10895.5,119850.50000000001
Sophia,Taylor,Sophia Taylor,Finance,Female,122088,12208.800000000001,134296.80000000002
Sophia,Brown,Sophia Brown,HR,Female,46004,4600.400000000001,50604.4
Michael,Brown,Michael Brown,Sales,Male,75620,7562.0,83182.0
Daniel,Williams,Daniel Williams,Engineering,Male,82521,8252.1,90773.1
Jane,Taylor,Jane Taylor,Marketing,Female,126339,12633.900000000001,138972.90000000002
Emma,Smith,Emma Smith,Finance,Female,97191,9719.1,106910.1
Sophia,Jones,Sophia Jones,Engineering,Female,97852,9785.2,107637.20000000001
John,Davis,John Davis,Marketing,Male,120675,12067.5,132742.5
Olivia,Jones,Olivia Jones,Finance,Female,141490,14149.0,155639.0
David,Brown,David Brown,Finance,Male,62302,6230.200000000001,68532.20000000001
Olivia,Williams,Olivia Williams,Sales,Female,127069,12706.900000000001,139775.90000000002
Olivia,Brown,Olivia Brown,HR,Female,123697,12369.7,136066.7
Emma,Johnson,Emma Johnson,Engineering,Female,92513,9251.300000000001,101764.3
Matthew,Johnson,Matthew Johnson,HR,Male,146642,14664.2,161306.2
John,Williams,John Williams,Sales,Male,94545,9454.5,103999.50000000001
Jane,Garcia,Jane Garcia,Sales,Female,120212,12021.2,132233.2
Olivia,Williams,Olivia Williams,Engineering,Female,60989,6098.900000000001,67087.90000000001
David,Garcia,David Garcia,Finance,Male,42562,4256.2,46818.200000000004
Jane,Smith,Jane Smith,Marketing,Female,62597,6259.700000000001,68856.70000000001
Olivia,Johnson,Olivia Johnson,Finance,Female,65484,6548.400000000001,72032.40000000001
John,Wilson,John Wilson,HR,Male,142956,14295.6,157251.6
Daniel,Smith,Daniel Smith,Engineering,Male,118709,11870.900000000001,130579.90000000001
Matthew,Miller,Matthew Miller,Sales,Male,132925,13292.5,146217.5
Matthew,Williams,Matthew Williams,Finance,Male,86402,8640.2,95042.20000000001
Daniel,Wilson,Daniel Wilson,Engineering,Male,133807,13380.7,147187.7
Emma,Smith,Emma Smith,Marketing,Female,51605,5160.5,56765.50000000001
David,Jones,David Jones,Sales,Male,138727,13872.7,152599.7
David,Smith,David Smith,Finance,Male,105483,10548.300000000001,116031.3
Emma,Brown,Emma Brown,Sales,Female,133846,13384.6,147230.6
Daniel,Wilson,Daniel Wilson,HR,Male,101073,10107.300000000001,111180.3
Olivia,Johnson,Olivia Johnson,Marketing,Female,139271,13927.1,153198.1
Isabella,Davis,Isabella Davis,Marketing,Female,142674,14267.400000000001,156941.40000000002
Matthew,Jones,Matthew Jones,Marketing,Male,147356,14735.6,162091.6
Jane,Davis,Jane Davis,HR,Female,62571,6257.1,68828.1
Emma,Taylor,Emma Taylor,Finance,Female,94355,9435.5,103790.50000000001
Matthew,Davis,Matthew Davis,Finance,Male,73201,7320.1,80521.1
Jane,Jones,Jane Jones,Finance,Female,118633,11863.300000000001,130496.30000000002
Olivia,Garcia,Olivia Garcia,Finance,Female,128157,12815.7,140972.7
Matthew,Williams,Matthew Williams,Finance,Male,123349,12334.900000000001,135683.90000000002
John,Taylor,John Taylor,Engineering,Male,84889,8488.9,93377.90000000001
Emma,Wilson,Emma Wilson,HR,Female,124466,12446.6,136912.6
Sophia,Smith,Sophia Smith,Marketing,Female,136736,13673.6,150409.6
Jane,Wilson,Jane Wilson,Finance,Female,119835,11983.5,131818.5
Sophia,Davis,Sophia Davis,Finance,Female,122249,12224.900000000001,134473.90000000002
Matthew,Williams,Matthew Williams,Marketing,Male,125532,12553.2,138085.2
John,Davis,John Davis,Marketing,Male,56363,5636.3,61999.3
Sophia,Taylor,Sophia Taylor,Engineering,Female,64785,6478.5,71263.5
Olivia,Miller,Olivia Miller,HR,Female,95913,9591.300000000001,105504.3
Isabella,Brown,Isabella Brown,Sales,Female,103418,10341.800000000001,113759.8
Isabella,Garcia,Isabella Garcia,Engineering,Female,76736,7673.6,84409.6
Daniel,Wilson,Daniel Wilson,Sales,Male,130070,13007.0,143077.0
Matthew,Brown,Matthew Brown,Engineering,Male,137855,13785.5,151640.5
Sophia,Wilson,Sophia Wilson,HR,Female,106576,10657.6,117233.6
Olivia,Wilson,Olivia Wilson,HR,Female,111786,11178.6,122964.6
Isabella,Taylor,Isabella Taylor,Sales,Female,97508,9750.800000000001,107258.8
Jane,Taylor,Jane Taylor,Finance,Female,130718,13071.800000000001,143789.80000000002
John,Jones,John Jones,Finance,Male,47704,4770.400000000001,52474.4
John,Jones,John Jones,Finance,Male,112308,11230.800000000001,123538.8
Olivia,Johnson,Olivia Johnson,Sales,Female,143615,14361.5,157976.5
Daniel,Smith,Daniel Smith,Finance,Male,82179,8217.9,90396.90000000001
Emma,Garcia,Emma Garcia,Marketing,Female,65907,6590.700000000001,72497.70000000001
Daniel,Davis,Daniel Davis,Marketing,Male,85192,8519.2,93711.20000000001
Jane,Williams,Jane Williams,HR,Female,49144,4914.400000000001,54058.4
Sophia,Johnson,Sophia Johnson,Sales,Female,67741,6774.1,74515.1
Sophia,Smith,Sophia Smith,Finance,Female,144315,14431.5,158746.5
John,Davis,John Davis,Marketing,Male,102551,10255.1,112806.1
Sophia,Johnson,Sophia Johnson,Finance,Female,146656,14665.6,161321.6
Daniel,Davis,Daniel Davis,Engineering,Male,42195,4219.5,46414.50000000001
John,Garcia,John Garcia,Finance,Male,44680,4468.0,49148.00000000001
David,Johnson,David Johnson,HR,Male,95751,9575.1,105326.1
Michael,Miller,Michael Miller,Engineering,Male,65687,6568.700000000001,72255.70000000001
Sophia,Williams,Sophia Williams,Sales,Female,92237,9223.7,101460.70000000001
Olivia,Smith,Olivia Smith,Finance,Female,137594,13759.400000000001,151353.40000000002
Michael,Williams,Michael Williams,Finance,Male,78008,7800.8,85808.8
Matthew,Davis,Matthew Davis,Engineering,Male,50100,5010.0,55110.00000000001
Olivia,Davis,Olivia Davis,HR,Female,100343,10034.300000000001,110377.3
Daniel,Brown,Daniel Brown,HR,Male,120704,12070.400000000001,132774.40000000002
Daniel,Miller,Daniel Miller,HR,Male,83723,8372.300000000001,92095.3
David,Jones,David Jones,Sales,Male,139036,13903.6,152939.6
Jane,Garcia,Jane Garcia,Engineering,Female,94180,9418.0,103598.00000000001
Olivia,Brown,Olivia Brown,Marketing,Female,97625,9762.5,107387.50000000001
David,Williams,David Williams,Sales,Male,85856,8585.6,94441.6
Olivia,Davis,Olivia Davis,HR,Female,129514,12951.400000000001,142465.40000000002
Olivia,Taylor,Olivia Taylor,HR,Female,117582,11758.2,129340.20000000001
Daniel,Johnson,Daniel Johnson,Finance,Male,60950,6095.0,67045.0
Emma,Miller,Emma Miller,Sales,Female,49500,4950.0,54450.00000000001
Matthew,Johnson,Matthew Johnson,Engineering,Male,145748,14574.800000000001,160322.80000000002
Jane,Taylor,Jane Taylor,HR,Female,138258,13825.800000000001,152083.80000000002
David,Brown,David Brown,Marketing,Male,92548,9254.800000000001,101802.8
Michael,Johnson,Michael Johnson,Finance,Male,86614,8661.4,95275.40000000001
Isabella,Smith,Isabella Smith,Engineering,Female,63418,6341.8,69759.8
Sophia,Garcia,Sophia Garcia,Engineering,Female,89747,8974.7,98721.70000000001
David,Brown,David Brown,Engineering,Male,73415,7341.5,80756.5
Jane,Taylor,Jane Taylor,Finance,Female,52232,5223.200000000001,57455.200000000004
Matthew,Davis,Matthew Davis,Marketing,Male,56957,5695.700000000001,62652.700000000004
Michael,Jones,Michael Jones,HR,Male,145101,14510.1,159611.1
Emma,Jones,Emma Jones,Finance,Female,143941,14394.1,158335.1
Emma,Brown,Emma Brown,Finance,Female,97600,9760.0,107360.00000000001
David,Miller,David Miller,Marketing,Male,67784,6778.400000000001,74562.40000000001
Jane,Jones,Jane Jones,Engineering,Female,84239,8423.9,92662.90000000001
Daniel,Jones,Daniel Jones,HR,Male,138229,13822.900000000001,152051.90000000002
Michael,Taylor,Michael Taylor,Sales,Male,143563,14356.300000000001,157919.30000000002
Olivia,Smith,Olivia Smith,Engineering,Female,147524,14752.400000000001,162276.40000000002
David,Smith,David Smith,Engineering,Male,79335,7933.5,87268.5
Isabella,Taylor,Isabella Taylor,Marketing,Female,77212,7721.200000000001,84933.20000000001
Jane,Miller,Jane Miller,Sales,Female,92141,9214.1,101355.1
Olivia,Smith,Olivia Smith,HR,Female,102746,10274.6,113020.6
Isabella,Davis,Isabella Davis,HR,Female,73354,7335.400000000001,80689.40000000001
David,Brown,David Brown,HR,Male,119668,11966.800000000001,131634.80000000002
Olivia,Wilson,Olivia Wilson,Marketing,Female,94254,9425.4,103679.40000000001
Sophia,Taylor,Sophia Taylor,Sales,Female,47601,4760.1,52361.100000000006
David,Davis,David Davis,Sales,Male,67867,6786.700000000001,74653.70000000001
David,Williams,David Williams,Engineering,Male,51059,5105.900000000001,56164.9
Michael,Johnson,Michael Johnson,Finance,Male,106275,10627.5,116902.50000000001
Michael,Garcia,Michael Garcia,Sales,Male,135081,13508.1,148589.1
Jane,Garcia,Jane Garcia,HR,Female,61266,6126.6,67392.6
Emma,Davis,Emma Davis,HR,Female,133557,13355.7,146912.7
John,Garcia,John Garcia,Finance,Male,45410,4541.0,49951.00000000001
Jane,Miller,Jane Miller,Finance,Female,88691,8869.1,97560.1
Isabella,Taylor,Isabella Taylor,Engineering,Female,88798,8879.800000000001,97677.8
Jane,Wilson,Jane Wilson,Engineering,Female,122357,12235.7,134592.7
Daniel,Wilson,Daniel Wilson,Marketing,Male,109434,10943.400000000001,120377.40000000001
Isabella,Johnson,Isabella Johnson,HR,Female,134123,13412.300000000001,147535.30000000002
Matthew,Jones,Matthew Jones,Marketing,Male,58231,5823.1,64054.100000000006
Daniel,Davis,Daniel Davis,HR,Male,49724,4972.400000000001,54696.4
Emma,Jones,Emma Jones,Marketing,Female,63314,6331.400000000001,69645.40000000001
John,Williams,John Williams,Engineering,Male,106477,10647.7,117124.70000000001
Sophia,Garcia,Sophia Garcia,Sales,Female,67479,6747.900000000001,74226.90000000001
Emma,Wilson,Emma Wilson,Finance,Female,65025,6502.5,71527.5
Michael,Miller,Michael Miller,HR,Male,51590,5159.0,56749.00000000001
Olivia,Garcia,Olivia Garcia,Engineering,Female,94762,9476.2,104238.20000000001
Isabella,Taylor,Isabella Taylor,Engineering,Female,116853,11685.300000000001,128538.30000000002
Sophia,Taylor,Sophia Taylor,Engineering,Female,114544,11454.400000000001,125998.40000000001
Emma,Davis,Emma Davis,Marketing,Female,71838,7183.8,79021.8
David,Taylor,David Taylor,Finance,Male,58491,5849.1,64340.100000000006
Sophia,Taylor,Sophia Taylor,Engineering,Female,54672,5467.200000000001,60139.200000000004
Daniel,Brown,Daniel Brown,Marketing,Male,131802,13180.2,144982.2
Sophia,Taylor,Sophia Taylor,Engineering,Female,135868,13586.800000000001,149454.80000000002
Emma,Brown,Emma Brown,Marketing,Female,126179,12617.900000000001,138796.90000000002
Daniel,Garcia,Daniel Garcia,Sales,Male,51834,5183.400000000001,57017.4
Isabella,Williams,Isabella Williams,Marketing,Female,122865,12286.5,135151.5
Emma,Wilson,Emma Wilson,HR,Female,102570,10257.0,112827.00000000001
Sophia,Johnson,Sophia Johnson,Finance,Female,113929,11392.900000000001,125321.90000000001
Jane,Brown,Jane Brown,Marketing,Female,96620,9662.0,106282.00000000001
Emma,Williams,Emma Williams,Finance,Female,123725,12372.5,136097.5
Sophia,Johnson,Sophia Johnson,Marketing,Female,87993,8799.300000000001,96792.3
Matthew,Garcia,Matthew Garcia,Finance,Male,107398,10739.800000000001,118137.8
Matthew,Wilson,Matthew Wilson,Sales,Male,147046,14704.6,161750.6
David,Garcia,David Garcia,HR,Male,142055,14205.5,156260.5
Olivia,Miller,Olivia Miller,HR,Female,148168,14816.800000000001,162984.80000000002
Emma,Garcia,Emma Garcia,HR,Female,106439,10643.900000000001,117082.90000000001
Daniel,Garcia,Daniel Garcia,Marketing,Male,135952,13595.2,149547.2
Isabella,Johnson,Isabella Johnson,HR,Female,55352,5535.200000000001,60887.200000000004
Daniel,Miller,Daniel Miller,Engineering,Male,104022,10402.2,114424.20000000001
Michael,Davis,Michael Davis,Engineering,Male,130616,13061.6,143677.6
Isabella,Miller,Isabella Miller,HR,Female,129935,12993.5,142928.5
Emma,Wilson,Emma Wilson,HR,Female,54297,5429.700000000001,59726.700000000004
Olivia,Wilson,Olivia Wilson,Marketing,Female,45896,4589.6,50485.600000000006
Sophia,Johnson,Sophia Johnson,HR,Female,52003,5200.3,57203.3
Isabella,Miller,Isabella Miller,Finance,Female,113478,11347.800000000001,124825.8
John,Williams,John Williams,Sales,Male,63761,6376.1,70137.1
Sophia,Taylor,Sophia Taylor,Marketing,Female,82439,8243.9,90682.90000000001
Jane,Miller,Jane Miller,Marketing,Female,143897,14389.7,158286.7
Michael,Johnson,Michael Johnson,Engineering,Male,121858,12185.800000000001,134043.80000000002
Olivia,Wilson,Olivia Wilson,Marketing,Female,135804,13580.400000000001,149384.40000000002
John,Johnson,John Johnson,Marketing,Male,92280,9228.0,101508.00000000001
Olivia,Garcia,Olivia Garcia,Sales,Female,145330,14533.0,159863.0
Matthew,Wilson,Matthew Wilson,Finance,Male,76589,7658.900000000001,84247.90000000001
Isabella,Miller,Isabella Miller,Sales,Female,124631,12463.1,137094.1
Matthew,Smith,Matthew Smith,Finance,Male,48472,4847.2,53319.200000000004
Michael,Johnson,Michael Johnson,Engineering,Male,106564,10656.400000000001,117220.40000000001
Olivia,Taylor,Olivia Taylor,Sales,Female,75428,7542.8,82970.8
Emma,Miller,Emma Miller,Sales,Female,102444,10244.400000000001,112688.40000000001
Jane,Johnson,Jane Johnson,Sales,Female,107889,10788.900000000001,118677.90000000001
Sophia,Jones,Sophia Jones,HR,Female,132503,13250.300000000001,145753.30000000002
Emma,Taylor,Emma Taylor,HR,Female,127582,12758.2,140340.2
Matthew,Wilson,Matthew Wilson,Sales,Male,47734,4773.400000000001,52507.4
Olivia,Williams,Olivia Williams,Marketing,Female,130265,13026.5,143291.5
Olivia,Wilson,Olivia Wilson,Engineering,Female,68436,6843.6,75279.6
Jane,Brown,Jane Brown,Marketing,Female,63905,6390.5,70295.5
Isabella,Brown,Isabella Brown,Engineering,Female,66981,6698.1,73679.1
Sophia,Garcia,Sophia Garcia,Engineering,Female,116473,11647.300000000001,128120.30000000002
Michael,Jones,Michael Jones,HR,Male,85463,8546.300000000001,94009.3
Jane,Wilson,Jane Wilson,Engineering,Female,137691,13769.1,151460.1
John,Brown,John Brown,Sales,Male,106589,10658.900000000001,117247.90000000001
Jane,Brown,Jane Brown,Sales,Female,59361,5936.1,65297.100000000006
John,Johnson,John Johnson,Engineering,Male,61875,6187.5,68062.5
Jane,Garcia,Jane Garcia,HR,Female,76661,7666.1,84327.1
Jane,Miller,Jane Miller,Marketing,Female,42679,4267.900000000001,46946.9
Daniel,Miller,Daniel Miller,HR,Male,116723,11672.300000000001,128395.30000000002
Matthew,Garcia,Matthew Garcia,HR,Male,110486,11048.6,121534.6
Matthew,Garcia,Matthew Garcia,Marketing,Male,71222,7122.200000000001,78344.20000000001
Emma,Brown,Emma Brown,Sales,Female,108201,10820.1,119021.1
Michael,Williams,Michael Williams,Finance,Male,124977,12497.7,137474.7
John,Johnson,John Johnson,HR,Male,70857,7085.700000000001,77942.70000000001
Sophia,Williams,Sophia Williams,Sales,Female,79606,7960.6,87566.6
David,Taylor,David Taylor,Engineering,Male,142272,14227.2,156499.2
Daniel,Miller,Daniel Miller,HR,Male,40851,4085.1000000000004,44936.100000000006
John,Wilson,John Wilson,HR,Male,45028,4502.8,49530.8
Olivia,Wilson,Olivia Wilson,Engineering,Female,60177,6017.700000000001,66194.70000000001
Emma,Wilson,Emma Wilson,Finance,Female,129236,12923.6,142159.6
Emma,Williams,Emma Williams,Finance,Female,79920,7992.0,87912.0
Isabella,Williams,Isabella Williams,Marketing,Female,130238,13023.800000000001,143261.80000000002
David,Wilson,David Wilson,Engineering,Male,95082,9508.2,104590.20000000001
Isabella,Jones,Isabella Jones,Sales,Female,114305,11430.5,125735.50000000001
John,Johnson,John Johnson,Sales,Male,62036,6203.6,68239.6
Daniel,Johnson,Daniel Johnson,Finance,Male,139108,13910.800000000001,153018.80000000002
Olivia,Smith,Olivia Smith,Marketing,Female,78212,7821.200000000001,86033.20000000001
Emma,Williams,Emma Williams,Marketing,Female,122032,12203.2,134235.2
John,Johnson,John Johnson,Sales,Male,74735,7473.5,82208.5
John,Garcia,John Garcia,Marketing,Male,122570,12257.0,134827.0
Jane,Smith,Jane Smith,Finance,Female,142637,14263.7,156900.7
Michael,Williams,Michael Williams,Finance,Male,41384,4138.400000000001,45522.4
John,Taylor,John Taylor,Marketing,Male,119403,11940.300000000001,131343.30000000002
Michael,Brown,Michael Brown,Finance,Male,105599,10559.900000000001,116158.90000000001
Michael,Jones,Michael Jones,Finance,Male,142303,14230.300000000001,156533.30000000002
Isabella,Taylor,Isabella Taylor,Marketing,Female,109524,10952.400000000001,120476.40000000001
Daniel,Brown,Daniel Brown,Finance,Male,91654,9165.4,100819.40000000001
Sophia,Smith,Sophia Smith,Engineering,Female,102729,10272.900000000001,113001.90000000001
Matthew,Smith,Matthew Smith,Finance,Male,92668,9266.800000000001,101934.8
Isabella,Davis,Isabella Davis,HR,Female,59055,5905.5,64960.50000000001
Matthew,Jones,Matthew Jones,Sales,Male,86499,8649.9,95148.90000000001
Michael,Brown,Michael Brown,Engineering,Male,140691,14069.1,154760.1
David,Brown,David Brown,Marketing,Male,131980,13198.0,145178.0
Sophia,Johnson,Sophia Johnson,Sales,Female,127314,12731.400000000001,140045.40000000002
Sophia,Smith,Sophia Smith,HR,Female,76209,7620.900000000001,83829.90000000001
Olivia,Garcia,Olivia Garcia,Sales,Female,48010,4801.0,52811.00000000001
Sophia,Wilson,Sophia Wilson,Finance,Female,99618,9961.800000000001,109579.8
Michael,Davis,Michael Davis,Sales,Male,119073,11907.300000000001,130980.30000000002
David,Williams,David Williams,Marketing,Male,91115,9111.5,100226.50000000001
Jane,Wilson,Jane Wilson,Finance,Female,111299,11129.900000000001,122428.90000000001
Jane,Wilson,Jane Wilson,Finance,Female,59340,5934.0,65274.00000000001
Jane,Taylor,Jane Taylor,HR,Female,112932,11293.2,124225.20000000001
Sophia,Davis,Sophia Davis,Sales,Female,142202,14220.2,156422.2
Isabella,Jones,Isabella Jones,HR,Female,93121,9312.1,102433.1
John,Johnson,John Johnson,Finance,Male,54705,5470.5,60175.50000000001
Isabella,Wilson,Isabella Wilson,Finance,Female,96448,9644.800000000001,106092.8
John,Miller,John Miller,HR,Male,126823,12682.300000000001,139505.30000000002
Michael,Jones,Michael Jones,Finance,Male,65274,6527.400000000001,71801.40000000001
Jane,Brown,Jane Brown,Sales,Female,122212,12221.2,134433.2
David,Miller,David Miller,Engineering,Male,71075,7107.5,78182.5
Daniel,Garcia,Daniel Garcia,HR,Male,93251,9325.1,102576.1
John,Davis,John Davis,Marketing,Male,110882,11088.2,121970.20000000001
Daniel,Davis,Daniel Davis,Engineering,Male,63417,6341.700000000001,69758.70000000001
Daniel,Taylor,Daniel Taylor,Marketing,Male,143080,14308.0,157388.0
Michael,Brown,Michael Brown,Finance,Male,136700,13670.0,150370.0
Matthew,Brown,Matthew Brown,Engineering,Male,53729,5372.900000000001,59101.9
Daniel,Williams,Daniel Williams,Finance,Male,63836,6383.6,70219.6
Daniel,Garcia,Daniel Garcia,Finance,Male,96132,9613.2,105745.20000000001
Olivia,Brown,Olivia Brown,HR,Female,109658,10965.800000000001,120623.8
Michael,Taylor,Michael Taylor,Marketing,Male,106272,10627.2,116899.20000000001
Olivia,Taylor,Olivia Taylor,Sales,Female,66872,6687.200000000001,73559.20000000001
John,Miller,John Miller,HR,Male,142765,14276.5,157041.5
Emma,Taylor,Emma Taylor,HR,Female,123891,12389.1,136280.1
Isabella,Wilson,Isabella Wilson,Marketing,Female,51465,5146.5,56611.50000000001
Isabella,Brown,Isabella Brown,HR,Female,119285,11928.5,131213.5
Sophia,Wilson,Sophia Wilson,Marketing,Female,146693,14669.300000000001,161362.30000000002
John,Miller,John Miller,HR,Male,139975,13997.5,153972.5
David,Taylor,David Taylor,Engineering,Male,73374,7337.400000000001,80711.40000000001
Jane,Smith,Jane Smith,Marketing,Female,58504,5850.400000000001,64354.40000000001
Emma,Garcia,Emma Garcia,Sales,Female,85302,8530.2,93832.20000000001
Olivia,Smith,Olivia Smith,HR,Female,98503,9850.300000000001,108353.3
Sophia,Johnson,Sophia Johnson,Engineering,Female,55835,5583.5,61418.50000000001
Daniel,Davis,Daniel Davis,Sales,Male,47788,4778.8,52566.8
Michael,Davis,Michael Davis,HR,Male,92547,9254.7,101801.70000000001
Sophia,Jones,Sophia Jones,HR,Female,144550,14455.0,159005.0
Emma,Miller,Emma Miller,Finance,Female,64404,6440.400000000001,70844.40000000001
David,Garcia,David Garcia,HR,Male,66951,6695.1,73646.1
Isabella,Davis,Isabella Davis,Sales,Female,130707,13070.7,143777.7
Sophia,Smith,Sophia Smith,Sales,Female,78111,7811.1,85922.1
John,Johnson,John Johnson,Engineering,Male,107840,10784.0,118624.00000000001
John,Davis,John Davis,Finance,Male,51909,5190.900000000001,57099.9
Jane,Davis,Jane Davis,Engineering,Female,141723,14172.300000000001,155895.30000000002
Matthew,Jones,Matthew Jones,Engineering,Male,139435,13943.5,153378.5
Emma,Williams,Emma Williams,HR,Female,137182,13718.2,150900.2
Olivia,Williams,Olivia Williams,Engineering,Female,54281,5428.1,59709.100000000006
John,Jones,John Jones,Marketing,Male,58387,5838.700000000001,64225.700000000004
Jane,Jones,Jane Jones,Finance,Female,100935,10093.5,111028.50000000001
Jane,Brown,Jane Brown,HR,Female,100565,10056.5,110621.50000000001
Emma,Johnson,Emma Johnson,Marketing,Female,148517,14851.7,163368.7
Sophia,Smith,Sophia Smith,Sales,Female,129564,12956.400000000001,142520.40000000002
Isabella,Davis,Isabella Davis,Finance,Female,53704,5370.400000000001,59074.4
Emma,Davis,Emma Davis,Sales,Female,90859,9085.9,99944.90000000001
Sophia,Smith,Sophia Smith,Sales,Female,49774,4977.400000000001,54751.4
John,Taylor,John Taylor,HR,Male,113728,11372.800000000001,125100.8
Michael,Wilson,Michael Wilson,Marketing,Male,113064,11306.400000000001,124370.40000000001
David,Taylor,David Taylor,Finance,Male,138995,13899.5,152894.5
David,Miller,David Miller,HR,Male,133258,13325.800000000001,146583.80000000002
Daniel,Williams,Daniel Williams,Engineering,Male,58931,5893.1,64824.100000000006
John,Taylor,John Taylor,Finance,Male,132898,13289.800000000001,146187.80000000002
Jane,Wilson,Jane Wilson,HR,Female,108219,10821.900000000001,119040.90000000001
Sophia,Jones,Sophia Jones,Finance,Female,64919,6491.900000000001,71410.90000000001
Daniel,Jones,Daniel Jones,Finance,Male,120992,12099.2,133091.2
Olivia,Smith,Olivia Smith,HR,Female,112531,11253.1,123784.1
Olivia,Williams,Olivia Williams,Sales,Female,68954,6895.400000000001,75849.40000000001
Sophia,Miller,Sophia Miller,Sales,Female,111712,11171.2,122883.20000000001
Emma,Garcia,Emma Garcia,HR,Female,133299,13329.900000000001,146628.90000000002
Daniel,Garcia,Daniel Garcia,Finance,Male,79366,7936.6,87302.6
Matthew,Johnson,Matthew Johnson,Sales,Male,45985,4598.5,50583.50000000001
Matthew,Brown,Matthew Brown,Marketing,Male,77292,7729.200000000001,85021.20000000001
Michael,Williams,Michael Williams,Engineering,Male,139131,13913.1,153044.1
Jane,Smith,Jane Smith,Engineering,Female,115577,11557.7,127134.70000000001
John,Brown,John Brown,Marketing,Male,95986,9598.6,105584.6
Matthew,Williams,Matthew Williams,Marketing,Male,50413,5041.3,55454.3
